Date,Low_Price
2016-01-01,1008.75
2016-01-02,1010.675
2016-01-03,1010.675
2016-01-04,987.3
2016-01-05,996.85
2016-01-06,1000.55
2016-01-07,1008.25
2016-01-08,1000.05
2016-01-09,1017.525
2016-01-10,1017.525
2016-01-11,1011.0
2016-01-12,1041.05
2016-01-13,1019.35
2016-01-14,1052.4
2016-01-15,1066.0
2016-01-16,1073.1
2016-01-17,1073.1
2016-01-18,1010.1
2016-01-19,1015.2
2016-01-20,990.5
2016-01-21,978.15
2016-01-22,994.75
2016-01-23,1006.075
2016-01-24,1006.075
2016-01-25,1000.15
2016-01-26,1006.375
2016-01-27,996.15
2016-01-28,997.75
2016-01-29,1018.85
2016-01-30,1037.525
2016-01-31,1037.525
2016-02-01,1025.15
2016-02-02,990.3
2016-02-03,975.0
2016-02-04,968.0
2016-02-05,963.0
2016-02-06,972.0999999999999
2016-02-07,972.0999999999999
2016-02-08,957.7
2016-02-09,950.35
2016-02-10,948.95
2016-02-11,916.25
2016-02-12,888.5
2016-02-13,913.65
2016-02-14,913.65
2016-02-15,920.0
2016-02-16,927.0
2016-02-17,917.1
2016-02-18,936.3
2016-02-19,937.8
2016-02-20,945.2249999999999
2016-02-21,945.2249999999999
2016-02-22,945.05
2016-02-23,943.05
2016-02-24,942.55
2016-02-25,941.7
2016-02-26,944.95
2016-02-27,950.8
2016-02-28,950.8
2016-02-29,936.3
2016-03-01,965.0
2016-03-02,987.5
2016-03-03,997.55
2016-03-04,1003.75
2016-03-05,1006.25
2016-03-06,1006.25
2016-03-07,1006.25
2016-03-08,1006.0
2016-03-09,1017.35
2016-03-10,1009.0
2016-03-11,1011.3
2016-03-12,1016.9
2016-03-13,1016.9
2016-03-14,1013.0
2016-03-15,1016.0
2016-03-16,1005.4
2016-03-17,1012.4
2016-03-18,1016.25
2016-03-19,1026.2
2016-03-20,1026.2
2016-03-21,1023.5
2016-03-22,1036.75
2016-03-23,1023.0
2016-03-24,1029.175
2016-03-25,1029.175
2016-03-26,1029.175
2016-03-27,1029.175
2016-03-28,1015.5
2016-03-29,1022.4
2016-03-30,1040.25
2016-03-31,1034.1
2016-04-01,1026.4
2016-04-02,1034.9
2016-04-03,1034.9
2016-04-04,1024.45
2016-04-05,1022.65
2016-04-06,1022.2
2016-04-07,1023.25
2016-04-08,1032.05
2016-04-09,1036.525
2016-04-10,1036.525
2016-04-11,1033.3
2016-04-12,1038.6
2016-04-13,1052.0
2016-04-14,1065.45
2016-04-15,1065.45
2016-04-16,1065.45
2016-04-17,1065.45
2016-04-18,1055.0
2016-04-19,1064.975
2016-04-20,1035.35
2016-04-21,1035.0
2016-04-22,1030.5
2016-04-23,1040.725
2016-04-24,1040.725
2016-04-25,1012.75
2016-04-26,1008.0
2016-04-27,1015.1
2016-04-28,992.0
2016-04-29,977.85
2016-04-30,981.9749999999999
2016-05-01,981.9749999999999
2016-05-02,977.05
2016-05-03,972.6
2016-05-04,974.25
2016-05-05,971.1
2016-05-06,967.5
2016-05-07,972.075
2016-05-08,972.075
2016-05-09,972.5
2016-05-10,978.05
2016-05-11,971.0
2016-05-12,975.7
2016-05-13,975.5
2016-05-14,978.125
2016-05-15,978.125
2016-05-16,972.0
2016-05-17,966.65
2016-05-18,965.2
2016-05-19,946.15
2016-05-20,932.35
2016-05-21,936.25
2016-05-22,936.25
2016-05-23,925.7
2016-05-24,929.0
2016-05-25,941.6
2016-05-26,944.25
2016-05-27,949.5
2016-05-28,973.825
2016-05-29,973.825
2016-05-30,966.0
2016-05-31,956.2
2016-06-01,951.25
2016-06-02,945.25
2016-06-03,955.4
2016-06-04,958.475
2016-06-05,958.475
2016-06-06,953.0
2016-06-07,951.8
2016-06-08,950.2
2016-06-09,958.0
2016-06-10,968.7
2016-06-11,972.825
2016-06-12,972.825
2016-06-13,964.0
2016-06-14,969.3
2016-06-15,973.5
2016-06-16,967.5
2016-06-17,970.0
2016-06-18,969.125
2016-06-19,969.125
2016-06-20,965.0
2016-06-21,980.2
2016-06-22,977.0
2016-06-23,970.0
2016-06-24,934.4
2016-06-25,950.675
2016-06-26,950.675
2016-06-27,944.0
2016-06-28,956.0
2016-06-29,960.3
2016-06-30,967.35
2016-07-01,970.2
2016-07-02,975.825
2016-07-03,975.825
2016-07-04,976.2
2016-07-05,980.5
2016-07-06,993.2
2016-07-07,986.75
2016-07-08,978.55
2016-07-09,984.075
2016-07-10,984.075
2016-07-11,985.5
2016-07-12,991.0
2016-07-13,1002.0
2016-07-14,999.05
2016-07-15,1003.85
2016-07-16,1019.775
2016-07-17,1019.775
2016-07-18,986.1
2016-07-19,995.25
2016-07-20,1017.0
2016-07-21,1005.5
2016-07-22,1004.15
2016-07-23,1015.4
2016-07-24,1015.4
2016-07-25,1007.8
2016-07-26,1015.2
2016-07-27,1010.0
2016-07-28,1012.5
2016-07-29,1012.2
2016-07-30,1016.025
2016-07-31,1016.025
2016-08-01,1005.3
2016-08-02,1007.0
2016-08-03,992.0
2016-08-04,984.5
2016-08-05,995.2
2016-08-06,1015.8499999999999
2016-08-07,1015.8499999999999
2016-08-08,1017.15
2016-08-09,1021.3
2016-08-10,1001.05
2016-08-11,1000.25
2016-08-12,1014.9
2016-08-13,1034.975
2016-08-14,1034.975
2016-08-15,1034.975
2016-08-16,1016.0
2016-08-17,1008.2
2016-08-18,1015.15
2016-08-19,1007.25
2016-08-20,1016.375
2016-08-21,1016.375
2016-08-22,1007.3
2016-08-23,1005.1
2016-08-24,1011.1
2016-08-25,1010.0
2016-08-26,1014.65
2016-08-27,1027.7
2016-08-28,1027.7
2016-08-29,1027.0
2016-08-30,1053.25
2016-08-31,1047.05
2016-09-01,1026.25
2016-09-02,1003.1
2016-09-03,1016.425
2016-09-04,1016.425
2016-09-05,1016.425
2016-09-06,1014.0
2016-09-07,1014.0
2016-09-08,1020.0
2016-09-09,1030.2
2016-09-10,1038.85
2016-09-11,1038.85
2016-09-12,1025.1
2016-09-13,1046.3
2016-09-14,1040.65
2016-09-15,1047.0
2016-09-16,1059.75
2016-09-17,1075.275
2016-09-18,1075.275
2016-09-19,1071.05
2016-09-20,1069.1
2016-09-21,1067.0
2016-09-22,1079.1
2016-09-23,1088.0
2016-09-24,1102.725
2016-09-25,1102.725
2016-09-26,1102.0
2016-09-27,1107.3
2016-09-28,1087.3
2016-09-29,1067.5
2016-09-30,1067.0
2016-10-01,1083.3
2016-10-02,1083.3
2016-10-03,1076.95
2016-10-04,1092.0
2016-10-05,1085.75
2016-10-06,1092.0
2016-10-07,1107.55
2016-10-08,1112.475
2016-10-09,1112.475
2016-10-10,1092.8
2016-10-11,1094.825
2016-10-12,1094.825
2016-10-13,1052.05
2016-10-14,1058.0
2016-10-15,1078.6
2016-10-16,1078.6
2016-10-17,1058.0
2016-10-18,1062.8
2016-10-19,1081.4
2016-10-20,1085.1
2016-10-21,1059.0
2016-10-22,1066.2
2016-10-23,1066.2
2016-10-24,1060.5
2016-10-25,1054.5
2016-10-26,1052.0
2016-10-27,1043.2
2016-10-28,1043.95
2016-10-29,1055.25
2016-10-30,1047.85
2016-10-31,1051.1
2016-11-01,1047.75
2016-11-02,1021.1
2016-11-03,1022.1
2016-11-04,1000.55
2016-11-05,1008.575
2016-11-06,1008.575
2016-11-07,999.5
2016-11-08,998.35
2016-11-09,932.0
2016-11-10,1008.25
2016-11-11,995.35
2016-11-12,1001.5999999999999
2016-11-13,1001.5999999999999
2016-11-14,1001.5999999999999
2016-11-15,980.55
2016-11-16,982.0
2016-11-17,975.85
2016-11-18,982.9
2016-11-19,987.75
2016-11-20,987.75
2016-11-21,983.5
2016-11-22,994.05
2016-11-23,999.5
2016-11-24,986.0
2016-11-25,985.0
2016-11-26,994.2249999999999
2016-11-27,994.2249999999999
2016-11-28,984.0
2016-11-29,987.1
2016-11-30,988.0
2016-12-01,994.5
2016-12-02,993.05
2016-12-03,994.65
2016-12-04,994.65
2016-12-05,987.55
2016-12-06,995.0
2016-12-07,995.65
2016-12-08,1003.1
2016-12-09,1020.3
2016-12-10,1026.625
2016-12-11,1026.625
2016-12-12,1022.15
2016-12-13,1028.5
2016-12-14,1039.4
2016-12-15,1051.0
2016-12-16,1050.0
2016-12-17,1057.775
2016-12-18,1057.775
2016-12-19,1055.0
2016-12-20,1054.0
2016-12-21,1056.5
2016-12-22,1050.35
2016-12-23,1050.6
2016-12-24,1056.875
2016-12-25,1056.875
2016-12-26,1045.0
2016-12-27,1047.1
2016-12-28,1048.4
2016-12-29,1049.5
2016-12-30,1064.0
2016-12-31,1080.725
2017-01-01,1080.725
2017-01-02,1073.15
2017-01-03,1081.25
2017-01-04,1065.35
2017-01-05,1069.0
2017-01-06,1072.55
2017-01-07,1075.85
2017-01-08,1075.85
2017-01-09,1071.1
2017-01-10,1078.25
2017-01-11,1082.0
2017-01-12,1079.15
2017-01-13,1085.2
2017-01-14,1090.775
2017-01-15,1090.775
2017-01-16,1074.0
2017-01-17,1038.0
2017-01-18,1029.0
2017-01-19,1031.0
2017-01-20,1024.4
2017-01-21,1024.85
2017-01-22,1024.85
2017-01-23,1014.05
2017-01-24,1018.6
2017-01-25,1016.1
2017-01-26,1018.2
2017-01-27,1019.0
2017-01-28,1025.15
2017-01-29,1025.15
2017-01-30,1024.9
2017-01-31,1040.75
2017-02-01,1034.7
2017-02-02,1038.55
2017-02-03,1031.05
2017-02-04,1034.875
2017-02-05,1034.875
2017-02-06,1032.5
2017-02-07,1027.6
2017-02-08,1023.0
2017-02-09,1026.0
2017-02-10,1025.95
2017-02-11,1032.15
2017-02-12,1032.15
2017-02-13,1022.0
2017-02-14,1031.2
2017-02-15,1046.05
2017-02-16,1052.0
2017-02-17,1059.0
2017-02-18,1072.675
2017-02-19,1072.675
2017-02-20,1066.25
2017-02-21,1072.3
2017-02-22,1092.05
2017-02-23,1179.2
2017-02-24,1184.8
2017-02-25,1184.8
2017-02-26,1184.8
2017-02-27,1187.0
2017-02-28,1228.55
2017-03-01,1230.25
2017-03-02,1225.65
2017-03-03,1237.0
2017-03-04,1263.225
2017-03-05,1263.225
2017-03-06,1265.45
2017-03-07,1296.6
2017-03-08,1286.0
2017-03-09,1281.7
2017-03-10,1261.5
2017-03-11,1298.6750000000002
2017-03-12,1298.6750000000002
2017-03-13,1298.6750000000002
2017-03-14,1285.25
2017-03-15,1283.25
2017-03-16,1294.6
2017-03-17,1298.55
2017-03-18,1300.825
2017-03-19,1300.825
2017-03-20,1277.15
2017-03-21,1259.7
2017-03-22,1247.55
2017-03-23,1258.25
2017-03-24,1268.4
2017-03-25,1276.875
2017-03-26,1276.875
2017-03-27,1247.1
2017-03-28,1237.0
2017-03-29,1234.1
2017-03-30,1254.05
2017-03-31,1268.95
2017-04-01,1325.6
2017-04-02,1325.6
2017-04-03,1332.0
2017-04-04,1379.6
2017-04-05,1380.8
2017-04-06,1402.7
2017-04-07,1402.65
2017-04-08,1410.775
2017-04-09,1410.775
2017-04-10,1378.0
2017-04-11,1371.0
2017-04-12,1351.05
2017-04-13,1348.0
2017-04-14,1366.025
2017-04-15,1366.025
2017-04-16,1366.025
2017-04-17,1365.0
2017-04-18,1368.35
2017-04-19,1358.25
2017-04-20,1365.5
2017-04-21,1373.05
2017-04-22,1404.875
2017-04-23,1404.875
2017-04-24,1400.1
2017-04-25,1427.65
2017-04-26,1403.15
2017-04-27,1402.75
2017-04-28,1390.5
2017-04-29,1397.4499999999998
2017-04-30,1397.4499999999998
2017-05-01,1397.4499999999998
2017-05-02,1366.75
2017-05-03,1365.0
2017-05-04,1354.65
2017-05-05,1325.05
2017-05-06,1328.6
2017-05-07,1328.6
2017-05-08,1320.0
2017-05-09,1321.0
2017-05-10,1331.45
2017-05-11,1352.25
2017-05-12,1344.2
2017-05-13,1352.675
2017-05-14,1352.675
2017-05-15,1334.5
2017-05-16,1341.8
2017-05-17,1348.05
2017-05-18,1323.3
2017-05-19,1311.1
2017-05-20,1320.525
2017-05-21,1320.525
2017-05-22,1315.05
2017-05-23,1301.5
2017-05-24,1295.0
2017-05-25,1297.8
2017-05-26,1301.0
2017-05-27,1336.55
2017-05-28,1336.55
2017-05-29,1336.0
2017-05-30,1349.0
2017-05-31,1336.0
2017-06-01,1323.05
2017-06-02,1316.6
2017-06-03,1324.875
2017-06-04,1324.875
2017-06-05,1315.75
2017-06-06,1310.9
2017-06-07,1308.6
2017-06-08,1328.1
2017-06-09,1330.0
2017-06-10,1332.5
2017-06-11,1332.5
2017-06-12,1317.5
2017-06-13,1309.0
2017-06-14,1315.75
2017-06-15,1360.0
2017-06-16,1370.1
2017-06-17,1389.875
2017-06-18,1389.875
2017-06-19,1391.0
2017-06-20,1408.05
2017-06-21,1405.6
2017-06-22,1428.65
2017-06-23,1430.9
2017-06-24,1433.5
2017-06-25,1433.5
2017-06-26,1433.5
2017-06-27,1425.0
2017-06-28,1396.15
2017-06-29,1390.3
2017-06-30,1375.1
2017-07-01,1384.125
2017-07-02,1384.125
2017-07-03,1372.1
2017-07-04,1387.5
2017-07-05,1427.0
2017-07-06,1437.35
2017-07-07,1438.0
2017-07-08,1491.4
2017-07-09,1491.4
2017-07-10,1487.0
2017-07-11,1487.05
2017-07-12,1496.0
2017-07-13,1506.7
2017-07-14,1515.25
2017-07-15,1532.675
2017-07-16,1532.675
2017-07-17,1534.3
2017-07-18,1512.0
2017-07-19,1515.0
2017-07-20,1521.05
2017-07-21,1544.4
2017-07-22,1595.1
2017-07-23,1595.1
2017-07-24,1586.2
2017-07-25,1600.0
2017-07-26,1602.0
2017-07-27,1591.0
2017-07-28,1579.0
2017-07-29,1597.15
2017-07-30,1597.15
2017-07-31,1596.0
2017-08-01,1591.6
2017-08-02,1605.0
2017-08-03,1616.9
2017-08-04,1615.55
2017-08-05,1626.05
2017-08-06,1626.05
2017-08-07,1612.8
2017-08-08,1588.25
2017-08-09,1585.75
2017-08-10,1577.3
2017-08-11,1535.5
2017-08-12,1551.525
2017-08-13,1551.525
2017-08-14,1556.5
2017-08-15,1572.075
2017-08-16,1550.55
2017-08-17,1560.1
2017-08-18,1553.65
2017-08-19,1576.225
2017-08-20,1576.225
2017-08-21,1563.0
2017-08-22,1558.0
2017-08-23,1554.0
2017-08-24,1564.6
2017-08-25,1573.2
2017-08-26,1573.2
2017-08-27,1573.2
2017-08-28,1561.7
2017-08-29,1530.0
2017-08-30,1543.6
2017-08-31,1570.3
2017-09-01,1598.2
2017-09-02,1612.175
2017-09-03,1612.175
2017-09-04,1596.2
2017-09-05,1619.0
2017-09-06,1625.0
2017-09-07,816.5
2017-09-08,812.8
2017-09-09,818.775
2017-09-10,818.775
2017-09-11,816.05
2017-09-12,817.45
2017-09-13,822.5
2017-09-14,842.0
2017-09-15,835.4
2017-09-16,845.2
2017-09-17,845.2
2017-09-18,843.1
2017-09-19,837.55
2017-09-20,845.0
2017-09-21,837.0
2017-09-22,814.0
2017-09-23,817.7
2017-09-24,817.7
2017-09-25,805.3
2017-09-26,812.5
2017-09-27,795.5
2017-09-28,781.15
2017-09-29,780.0
2017-09-30,787.25
2017-10-01,787.25
2017-10-02,787.25
2017-10-03,786.25
2017-10-04,795.5
2017-10-05,818.75
2017-10-06,822.65
2017-10-07,836.85
2017-10-08,836.85
2017-10-09,828.25
2017-10-10,830.75
2017-10-11,836.3
2017-10-12,841.0
2017-10-13,874.25
2017-10-14,878.3
2017-10-15,878.3
2017-10-16,861.75
2017-10-17,867.3
2017-10-18,875.15
2017-10-19,903.25
2017-10-20,910.75
2017-10-21,910.75
2017-10-22,910.75
2017-10-23,909.9
2017-10-24,928.3
2017-10-25,930.0
2017-10-26,931.5
2017-10-27,926.4
2017-10-28,930.225
2017-10-29,930.225
2017-10-30,931.0
2017-10-31,932.1
2017-11-01,945.9
2017-11-02,944.2
2017-11-03,940.5
2017-11-04,944.8
2017-11-05,944.8
2017-11-06,929.0
2017-11-07,903.15
2017-11-08,885.1
2017-11-09,892.0
2017-11-10,880.35
2017-11-11,883.5
2017-11-12,883.5
2017-11-13,873.0
2017-11-14,873.0
2017-11-15,878.0
2017-11-16,882.5
2017-11-17,907.1
2017-11-18,909.85
2017-11-19,909.85
2017-11-20,905.25
2017-11-21,924.0
2017-11-22,924.55
2017-11-23,925.65
2017-11-24,946.65
2017-11-25,948.75
2017-11-26,948.75
2017-11-27,943.5
2017-11-28,938.25
2017-11-29,938.0
2017-11-30,920.0
2017-12-01,908.0
2017-12-02,912.8
2017-12-03,912.8
2017-12-04,898.0
2017-12-05,895.9
2017-12-06,909.2
2017-12-07,922.8
2017-12-08,919.65
2017-12-09,920.875
2017-12-10,920.875
2017-12-11,913.5
2017-12-12,907.9
2017-12-13,912.0
2017-12-14,909.0
2017-12-15,917.5
2017-12-16,918.45
2017-12-17,918.45
2017-12-18,861.7
2017-12-19,920.05
2017-12-20,917.0
2017-12-21,911.1
2017-12-22,910.2
2017-12-23,920.75
2017-12-24,920.75
2017-12-25,920.75
2017-12-26,918.6
2017-12-27,918.35
2017-12-28,918.65
2017-12-29,918.1
2017-12-30,921.525
2017-12-31,921.525
2018-01-01,909.7
2018-01-02,907.25
2018-01-03,913.3
2018-01-04,916.0
2018-01-05,919.45
2018-01-06,923.55
2018-01-07,923.55
2018-01-08,923.6
2018-01-09,924.0
2018-01-10,935.4
2018-01-11,935.0
2018-01-12,938.1
2018-01-13,948.475
2018-01-14,948.475
2018-01-15,945.2
2018-01-16,920.0
2018-01-17,908.0
2018-01-18,911.0
2018-01-19,922.0
2018-01-20,938.925
2018-01-21,938.925
2018-01-22,940.1
2018-01-23,975.0
2018-01-24,960.5
2018-01-25,957.25
2018-01-26,965.275
2018-01-27,965.275
2018-01-28,965.275
2018-01-29,960.1
2018-01-30,945.55
2018-01-31,942.0
2018-02-01,938.2
2018-02-02,903.0
2018-02-03,900.75
2018-02-04,900.75
2018-02-05,882.7
2018-02-06,872.1
2018-02-07,890.55
2018-02-08,892.05
2018-02-09,886.5
2018-02-10,899.5250000000001
2018-02-11,899.5250000000001
2018-02-12,901.1
2018-02-13,918.175
2018-02-14,920.8
2018-02-15,928.3
2018-02-16,918.65
2018-02-17,921.0
2018-02-18,921.0
2018-02-19,914.4
2018-02-20,916.0
2018-02-21,922.0
2018-02-22,920.0
2018-02-23,923.75
2018-02-24,935.05
2018-02-25,935.05
2018-02-26,936.1
2018-02-27,938.6
2018-02-28,937.0
2018-03-01,946.0
2018-03-02,946.1
2018-03-03,946.1
2018-03-04,946.1
2018-03-05,922.0
2018-03-06,903.15
2018-03-07,888.3
2018-03-08,894.3
2018-03-09,910.0
2018-03-10,915.4749999999999
2018-03-11,915.4749999999999
2018-03-12,916.2
2018-03-13,921.6
2018-03-14,919.55
2018-03-15,910.0
2018-03-16,886.4
2018-03-17,902.15
2018-03-18,902.15
2018-03-19,892.35
2018-03-20,887.0
2018-03-21,892.0
2018-03-22,895.2
2018-03-23,890.0
2018-03-24,892.85
2018-03-25,892.85
2018-03-26,892.0
2018-03-27,897.5
2018-03-28,881.0
2018-03-29,886.65
2018-03-30,886.65
2018-03-31,886.65
2018-04-01,886.65
2018-04-02,886.4
2018-04-03,886.1
2018-04-04,892.35
2018-04-05,902.55
2018-04-06,905.0
2018-04-07,911.35
2018-04-08,911.35
2018-04-09,911.4
2018-04-10,913.35
2018-04-11,916.65
2018-04-12,923.1
2018-04-13,929.1
2018-04-14,936.925
2018-04-15,936.925
2018-04-16,928.3
2018-04-17,936.1
2018-04-18,934.0
2018-04-19,935.1
2018-04-20,921.45
2018-04-21,927.675
2018-04-22,927.675
2018-04-23,926.0
2018-04-24,935.0
2018-04-25,964.5
2018-04-26,963.4
2018-04-27,988.25
2018-04-28,989.725
2018-04-29,989.725
2018-04-30,961.0
2018-05-01,965.95
2018-05-02,966.25
2018-05-03,959.3
2018-05-04,949.65
2018-05-05,955.95
2018-05-06,955.95
2018-05-07,956.5
2018-05-08,965.15
2018-05-09,962.0
2018-05-10,974.5
2018-05-11,977.25
2018-05-12,991.2
2018-05-13,991.2
2018-05-14,976.4
2018-05-15,977.0
2018-05-16,954.4
2018-05-17,942.5
2018-05-18,931.5
2018-05-19,932.7
2018-05-20,932.7
2018-05-21,922.0
2018-05-22,924.5
2018-05-23,909.05
2018-05-24,910.85
2018-05-25,915.6
2018-05-26,922.65
2018-05-27,922.65
2018-05-28,918.95
2018-05-29,914.15
2018-05-30,907.1
2018-05-31,916.5
2018-06-01,919.1
2018-06-02,932.0
2018-06-03,932.0
2018-06-04,932.0
2018-06-05,941.2
2018-06-06,942.55
2018-06-07,955.0
2018-06-08,960.55
2018-06-09,983.875
2018-06-10,983.875
2018-06-11,978.2
2018-06-12,980.45
2018-06-13,990.0
2018-06-14,988.2
2018-06-15,999.75
2018-06-16,1012.325
2018-06-17,1012.325
2018-06-18,1007.7
2018-06-19,993.05
2018-06-20,996.0
2018-06-21,1020.4
2018-06-22,1008.6
2018-06-23,1014.65
2018-06-24,1014.65
2018-06-25,1001.95
2018-06-26,975.5
2018-06-27,960.5
2018-06-28,941.35
2018-06-29,949.7
2018-06-30,972.975
2018-07-01,972.975
2018-07-02,957.55
2018-07-03,961.0
2018-07-04,972.0
2018-07-05,960.1
2018-07-06,964.8
2018-07-07,981.0
2018-07-08,981.0
2018-07-09,983.3
2018-07-10,1001.5
2018-07-11,1017.0
2018-07-12,1043.15
2018-07-13,1080.9
2018-07-14,1097.4
2018-07-15,1097.4
2018-07-16,1073.0
2018-07-17,1069.15
2018-07-18,1079.0
2018-07-19,1086.8
2018-07-20,1110.5
2018-07-21,1129.125
2018-07-22,1129.125
2018-07-23,1114.0
2018-07-24,1107.65
2018-07-25,1104.55
2018-07-26,1107.7
2018-07-27,1112.8
2018-07-28,1132.8
2018-07-29,1132.8
2018-07-30,1126.6
2018-07-31,1145.0
2018-08-01,1185.95
2018-08-02,1166.0
2018-08-03,1169.5
2018-08-04,1178.375
2018-08-05,1178.375
2018-08-06,1174.85
2018-08-07,1178.3
2018-08-08,1186.0
2018-08-09,1212.0
2018-08-10,1201.95
2018-08-11,1203.5
2018-08-12,1203.5
2018-08-13,1183.05
2018-08-14,1185.25
2018-08-15,1208.6750000000002
2018-08-16,1196.25
2018-08-17,1200.25
2018-08-18,1204.975
2018-08-19,1204.975
2018-08-20,1206.5
2018-08-21,1227.15
2018-08-22,1245.25
2018-08-23,1238.6
2018-08-24,1260.9
2018-08-25,1279.05
2018-08-26,1279.05
2018-08-27,1280.0
2018-08-28,1295.5
2018-08-29,1290.3
2018-08-30,1270.45
2018-08-31,1237.05
2018-09-01,1244.975
2018-09-02,1244.975
2018-09-03,1227.5
2018-09-04,1230.0
2018-09-05,1210.0
2018-09-06,1226.0
2018-09-07,1254.85
2018-09-08,1275.875
2018-09-09,1275.875
2018-09-10,1251.55
2018-09-11,1235.0
2018-09-12,1229.85
2018-09-13,1256.85
2018-09-14,1248.55
2018-09-15,1252.35
2018-09-16,1252.35
2018-09-17,1220.5
2018-09-18,1214.25
2018-09-19,1201.2
2018-09-20,1215.175
2018-09-21,1183.2
2018-09-22,1216.425
2018-09-23,1216.425
2018-09-24,1204.25
2018-09-25,1195.75
2018-09-26,1226.8
2018-09-27,1238.6
2018-09-28,1247.65
2018-09-29,1258.2
2018-09-30,1258.2
2018-10-01,1204.3
2018-10-02,1232.3249999999998
2018-10-03,1198.7
2018-10-04,1105.05
2018-10-05,1039.55
2018-10-06,1049.35
2018-10-07,1049.35
2018-10-08,1025.2
2018-10-09,1080.75
2018-10-10,1085.1
2018-10-11,1043.05
2018-10-12,1102.0
2018-10-13,1129.85
2018-10-14,1129.85
2018-10-15,1119.25
2018-10-16,1140.8
2018-10-17,1141.0
2018-10-18,1126.4
2018-10-19,1073.15
2018-10-20,1106.325
2018-10-21,1106.325
2018-10-22,1057.35
2018-10-23,1043.7
2018-10-24,1031.0
2018-10-25,1017.0
2018-10-26,1022.15
2018-10-27,1046.2
2018-10-28,1046.2
2018-10-29,1047.0
2018-10-30,1052.0
2018-10-31,1047.65
2018-11-01,1050.3
2018-11-02,1063.0
2018-11-03,1074.125
2018-11-04,1074.125
2018-11-05,1064.5
2018-11-06,1093.05
2018-11-07,1106.6
2018-11-08,1108.275
2018-11-09,1086.0
2018-11-10,1095.925
2018-11-11,1095.925
2018-11-12,1074.3
2018-11-13,1071.0
2018-11-14,1087.0
2018-11-15,1087.1
2018-11-16,1096.1
2018-11-17,1129.75
2018-11-18,1129.75
2018-11-19,1131.2
2018-11-20,1130.4
2018-11-21,1107.05
2018-11-22,1100.0
2018-11-23,1106.4
2018-11-24,1106.4
2018-11-25,1106.4
2018-11-26,1098.05
2018-11-27,1101.7
2018-11-28,1126.5
2018-11-29,1158.8
2018-11-30,1162.95
2018-12-01,1170.125
2018-12-02,1170.125
2018-12-03,1148.65
2018-12-04,1142.95
2018-12-05,1139.6
2018-12-06,1118.25
2018-12-07,1109.1
2018-12-08,1122.95
2018-12-09,1122.95
2018-12-10,1084.0
2018-12-11,1055.35
2018-12-12,1088.1
2018-12-13,1096.55
2018-12-14,1092.6
2018-12-15,1113.225
2018-12-16,1113.225
2018-12-17,1110.3
2018-12-18,1120.8
2018-12-19,1131.4
2018-12-20,1116.5
2018-12-21,1095.0
2018-12-22,1100.0749999999998
2018-12-23,1100.0749999999998
2018-12-24,1086.5
2018-12-25,1088.525
2018-12-26,1066.55
2018-12-27,1104.45
2018-12-28,1122.0
2018-12-29,1126.475
2018-12-30,1126.475
2018-12-31,1116.6
2019-01-01,1111.55
2019-01-02,1101.45
2019-01-03,1089.65
2019-01-04,1081.25
2019-01-05,1102.1
2019-01-06,1102.1
2019-01-07,1101.0
2019-01-08,1096.1
2019-01-09,1098.5
2019-01-10,1102.1
2019-01-11,1089.5
2019-01-12,1097.3000000000002
2019-01-13,1097.3000000000002
2019-01-14,1086.25
2019-01-15,1103.2
2019-01-16,1130.25
2019-01-17,1129.1
2019-01-18,1135.5
2019-01-19,1188.4250000000002
2019-01-20,1188.4250000000002
2019-01-21,1189.75
2019-01-22,1219.4
2019-01-23,1222.5
2019-01-24,1220.1
2019-01-25,1236.55
2019-01-26,1249.625
2019-01-27,1249.625
2019-01-28,1221.75
2019-01-29,1201.6
2019-01-30,1190.55
2019-01-31,1201.0
2019-02-01,1225.75
2019-02-02,1246.425
2019-02-03,1246.425
2019-02-04,1245.0
2019-02-05,1278.6
2019-02-06,1292.0
2019-02-07,1285.8
2019-02-08,1272.25
2019-02-09,1277.175
2019-02-10,1277.175
2019-02-11,1251.0
2019-02-12,1251.9
2019-02-13,1235.0
2019-02-14,1218.1
2019-02-15,1215.0
2019-02-16,1244.4
2019-02-17,1244.4
2019-02-18,1215.95
2019-02-19,1211.3
2019-02-20,1218.75
2019-02-21,1230.2
2019-02-22,1226.1
2019-02-23,1234.1999999999998
2019-02-24,1234.1999999999998
2019-02-25,1223.15
2019-02-26,1206.15
2019-02-27,1209.15
2019-02-28,1225.35
2019-03-01,1222.45
2019-03-02,1226.7
2019-03-03,1226.7
2019-03-04,1226.7
2019-03-05,1218.2
2019-03-06,1235.5
2019-03-07,1258.9
2019-03-08,1261.5
2019-03-09,1268.6999999999998
2019-03-10,1268.6999999999998
2019-03-11,1268.1
2019-03-12,1315.5
2019-03-13,1327.75
2019-03-14,1334.0
2019-03-15,1311.65
2019-03-16,1323.85
2019-03-17,1323.85
2019-03-18,1325.1
2019-03-19,1343.0
2019-03-20,1363.6
2019-03-21,1374.8
2019-03-22,1337.5
2019-03-23,1336.1
2019-03-24,1336.1
2019-03-25,1317.15
2019-03-26,1330.0
2019-03-27,1344.9
2019-03-28,1343.35
2019-03-29,1356.1
2019-03-30,1365.8
2019-03-31,1365.8
2019-04-01,1362.85
2019-04-02,1380.8
2019-04-03,1370.0
2019-04-04,1347.05
2019-04-05,1343.6
2019-04-06,1354.85
2019-04-07,1354.85
2019-04-08,1324.0
2019-04-09,1321.6
2019-04-10,1326.0
2019-04-11,1328.7
2019-04-12,1337.3
2019-04-13,1343.325
2019-04-14,1343.325
2019-04-15,1333.95
2019-04-16,1340.25
2019-04-17,1355.375
2019-04-18,1365.0
2019-04-19,1373.45
2019-04-20,1373.45
2019-04-21,1373.45
2019-04-22,1341.0
2019-04-23,1345.65
2019-04-24,1366.35
2019-04-25,1365.0
2019-04-26,1370.45
2019-04-27,1393.225
2019-04-28,1393.225
2019-04-29,1393.225
2019-04-30,1367.0
2019-05-01,1392.9
2019-05-02,1382.0
2019-05-03,1401.4
2019-05-04,1403.025
2019-05-05,1403.025
2019-05-06,1378.55
2019-05-07,1341.3
2019-05-08,1291.05
2019-05-09,1251.5
2019-05-10,1245.0
2019-05-11,1250.45
2019-05-12,1250.45
2019-05-13,1227.0
2019-05-14,1232.0
2019-05-15,1251.1
2019-05-16,1257.75
2019-05-17,1255.0
2019-05-18,1289.8000000000002
2019-05-19,1289.8000000000002
2019-05-20,1302.6
2019-05-21,1329.3
2019-05-22,1334.5
2019-05-23,1324.45
2019-05-24,1316.6
2019-05-25,1336.4
2019-05-26,1336.4
2019-05-27,1308.0
2019-05-28,1314.05
2019-05-29,1304.5
2019-05-30,1316.0
2019-05-31,1321.25
2019-06-01,1332.375
2019-06-02,1332.375
2019-06-03,1322.1
2019-06-04,1347.45
2019-06-05,1352.65
2019-06-06,1321.65
2019-06-07,1305.6
2019-06-08,1317.6
2019-06-09,1317.6
2019-06-10,1310.6
2019-06-11,1317.2
2019-06-12,1325.65
2019-06-13,1310.0
2019-06-14,1309.5
2019-06-15,1319.075
2019-06-16,1319.075
2019-06-17,1277.5
2019-06-18,1269.3
2019-06-19,1262.7
2019-06-20,1278.15
2019-06-21,1276.0
2019-06-22,1273.6
2019-06-23,1273.6
2019-06-24,1257.45
2019-06-25,1254.35
2019-06-26,1287.1
2019-06-27,1271.1
2019-06-28,1248.05
2019-06-29,1254.5
2019-06-30,1254.5
2019-07-01,1247.0
2019-07-02,1263.65
2019-07-03,1276.0
2019-07-04,1280.75
2019-07-05,1259.45
2019-07-06,1261.8
2019-07-07,1261.8
2019-07-08,1248.05
2019-07-09,1245.1
2019-07-10,1269.0
2019-07-11,1279.6
2019-07-12,1278.0
2019-07-13,1282.8
2019-07-14,1282.8
2019-07-15,1271.0
2019-07-16,1269.1
2019-07-17,1280.0
2019-07-18,1258.0
2019-07-19,1243.0
2019-07-20,1252.975
2019-07-21,1252.975
2019-07-22,1227.6
2019-07-23,1261.3
2019-07-24,1254.4
2019-07-25,1227.15
2019-07-26,1210.05
2019-07-27,1216.75
2019-07-28,1216.75
2019-07-29,1205.1
2019-07-30,1175.8
2019-07-31,1163.0
2019-08-01,1150.2
2019-08-02,1162.35
2019-08-03,1180.85
2019-08-04,1180.85
2019-08-05,1129.0
2019-08-06,1121.95
2019-08-07,1103.0
2019-08-08,1095.65
2019-08-09,1152.7
2019-08-10,1201.0
2019-08-11,1201.0
2019-08-12,1201.0
2019-08-13,1225.3
2019-08-14,1280.1
2019-08-15,1289.425
2019-08-16,1273.2
2019-08-17,1279.1
2019-08-18,1279.1
2019-08-19,1280.55
2019-08-20,1272.85
2019-08-21,1266.65
2019-08-22,1239.05
2019-08-23,1226.8
2019-08-24,1284.975
2019-08-25,1284.975
2019-08-26,1259.7
2019-08-27,1261.8
2019-08-28,1256.85
2019-08-29,1235.5
2019-08-30,1220.85
2019-08-31,1244.175
2019-09-01,1244.175
2019-09-02,1244.175
2019-09-03,1200.0
2019-09-04,1185.5
2019-09-05,1193.2
2019-09-06,1196.25
2019-09-07,1222.25
2019-09-08,1222.25
2019-09-09,1213.2
2019-09-10,1222.4
2019-09-11,1222.7
2019-09-12,1206.35
2019-09-13,1207.05
2019-09-14,1208.275
2019-09-15,1208.275
2019-09-16,1188.5
2019-09-17,1193.7
2019-09-18,1197.6
2019-09-19,1173.25
2019-09-20,1174.6
2019-09-21,1266.2
2019-09-22,1266.2
2019-09-23,1233.2
2019-09-24,1242.05
2019-09-25,1269.35
2019-09-26,1283.45
2019-09-27,1284.0
2019-09-28,1309.375
2019-09-29,1309.375
2019-09-30,1305.8
2019-10-01,1293.8
2019-10-02,1297.55
2019-10-03,1281.2
2019-10-04,1304.05
2019-10-05,1308.725
2019-10-06,1308.725
2019-10-07,1301.55
2019-10-08,1310.85
2019-10-09,1293.15
2019-10-10,1322.55
2019-10-11,1337.0
2019-10-12,1358.0
2019-10-13,1358.0
2019-10-14,1351.0
2019-10-15,1345.0
2019-10-16,1363.5
2019-10-17,1372.15
2019-10-18,1399.7
2019-10-19,1421.175
2019-10-20,1421.175
2019-10-21,1421.175
2019-10-22,1404.0
2019-10-23,1383.4
2019-10-24,1386.75
2019-10-25,1411.8
2019-10-26,1435.35
2019-10-27,1430.0
2019-10-28,1438.175
2019-10-29,1442.25
2019-10-30,1460.4
2019-10-31,1461.0
2019-11-01,1441.1
2019-11-02,1461.5
2019-11-03,1461.5
2019-11-04,1445.0
2019-11-05,1440.6
2019-11-06,1428.7
2019-11-07,1432.95
2019-11-08,1441.0
2019-11-09,1442.675
2019-11-10,1442.675
2019-11-11,1423.35
2019-11-12,1429.4
2019-11-13,1430.0
2019-11-14,1456.05
2019-11-15,1463.25
2019-11-16,1470.3249999999998
2019-11-17,1470.3249999999998
2019-11-18,1449.95
2019-11-19,1465.5
2019-11-20,1543.55
2019-11-21,1528.6
2019-11-22,1537.9
2019-11-23,1548.7
2019-11-24,1548.7
2019-11-25,1551.0
2019-11-26,1556.0
2019-11-27,1556.4
2019-11-28,1564.4
2019-11-29,1548.0
2019-11-30,1572.95
2019-12-01,1572.95
2019-12-02,1577.7
2019-12-03,1573.1
2019-12-04,1533.45
2019-12-05,1544.0
2019-12-06,1541.4
2019-12-07,1554.5500000000002
2019-12-08,1554.5500000000002
2019-12-09,1547.65
2019-12-10,1554.25
2019-12-11,1551.0
2019-12-12,1557.25
2019-12-13,1572.55
2019-12-14,1585.875
2019-12-15,1585.875
2019-12-16,1563.6
2019-12-17,1555.6
2019-12-18,1562.0
2019-12-19,1572.35
2019-12-20,1595.65
2019-12-21,1577.2
2019-12-22,1577.2
2019-12-23,1555.0
2019-12-24,1542.75
2019-12-25,1545.95
2019-12-26,1510.95
2019-12-27,1521.45
2019-12-28,1542.575
2019-12-29,1542.575
2019-12-30,1528.3
2019-12-31,1509.1
2020-01-01,1505.35
2020-01-02,1513.0
2020-01-03,1523.4
2020-01-04,1532.125
2020-01-05,1532.125
2020-01-06,1497.5
2020-01-07,1514.45
2020-01-08,1508.0
2020-01-09,1531.85
2020-01-10,1540.1
2020-01-11,1547.35
2020-01-12,1547.35
2020-01-13,1538.65
2020-01-14,1522.7
2020-01-15,1519.0
2020-01-16,1528.5
2020-01-17,1551.15
2020-01-18,1594.35
2020-01-19,1594.35
2020-01-20,1527.0
2020-01-21,1523.0
2020-01-22,1530.9
2020-01-23,1521.0
2020-01-24,1518.65
2020-01-25,1518.375
2020-01-26,1518.375
2020-01-27,1505.0
2020-01-28,1464.2
2020-01-29,1465.0
2020-01-30,1440.0
2020-01-31,1407.45
2020-02-01,1371.1
2020-02-02,1377.65
2020-02-03,1363.5
2020-02-04,1397.9
2020-02-05,1430.2
2020-02-06,1440.2
2020-02-07,1428.5
2020-02-08,1431.875
2020-02-09,1431.875
2020-02-10,1411.05
2020-02-11,1445.05
2020-02-12,1456.0
2020-02-13,1462.7
2020-02-14,1453.3
2020-02-15,1488.325
2020-02-16,1488.325
2020-02-17,1474.65
2020-02-18,1458.0
2020-02-19,1475.55
2020-02-20,1483.45
2020-02-21,1481.25
2020-02-22,1481.25
2020-02-23,1481.25
2020-02-24,1439.6
2020-02-25,1410.0
2020-02-26,1387.25
2020-02-27,1369.6
2020-02-28,1325.0
2020-02-29,1343.525
2020-03-01,1343.525
2020-03-02,1303.5
2020-03-03,1321.8
2020-03-04,1308.1
2020-03-05,1306.0
2020-03-06,1241.6
2020-03-07,1257.525
2020-03-08,1257.525
2020-03-09,1094.95
2020-03-10,1113.15
2020-03-11,1110.0
2020-03-12,1049.5
2020-03-13,939.85
2020-03-14,1086.275
2020-03-15,1086.275
2020-03-16,1005.55
2020-03-17,1004.0
2020-03-18,961.2
2020-03-19,891.0
2020-03-20,930.05
2020-03-21,970.1
2020-03-22,970.1
2020-03-23,875.7
2020-03-24,895.8
2020-03-25,951.0
2020-03-26,1043.15
2020-03-27,1047.25
2020-03-28,1056.725
2020-03-29,1056.725
2020-03-30,1020.0
2020-03-31,1048.8
2020-04-01,1044.75
2020-04-02,1105.325
2020-04-03,1057.0
2020-04-04,1092.1
2020-04-05,1092.1
2020-04-06,1092.1
2020-04-07,1101.0
2020-04-08,1161.85
2020-04-09,1193.25
2020-04-10,1213.6
2020-04-11,1213.6
2020-04-12,1213.6
2020-04-13,1180.0
2020-04-14,1195.125
2020-04-15,1142.7
2020-04-16,1146.6
2020-04-17,1192.7
2020-04-18,1225.775
2020-04-19,1225.775
2020-04-20,1202.3
2020-04-21,1164.45
2020-04-22,1300.0
2020-04-23,1354.25
2020-04-24,1348.0
2020-04-25,1428.675
2020-04-26,1428.675
2020-04-27,1422.95
2020-04-28,1391.95
2020-04-29,1420.5
2020-04-30,1440.0
2020-05-01,1454.525
2020-05-02,1454.525
2020-05-03,1454.525
2020-05-04,1419.75
2020-05-05,1447.0
2020-05-06,1446.0
2020-05-07,1444.9
2020-05-08,1537.6
2020-05-09,1571.9
2020-05-10,1571.9
2020-05-11,1572.0
2020-05-12,1455.0
2020-05-13,1454.0
2020-05-14,1430.05
2020-05-15,1415.55
2020-05-16,1465.35
2020-05-17,1465.35
2020-05-18,1428.0
2020-05-19,1404.0
2020-05-20,1393.65
2020-05-21,1425.35
2020-05-22,1426.8
2020-05-23,1435.5
2020-05-24,1435.5
2020-05-25,1435.5
2020-05-26,1416.3
2020-05-27,1412.2
2020-05-28,1450.55
2020-05-29,1453.0
2020-05-30,1472.6
2020-05-31,1472.6
2020-06-01,1475.65
2020-06-02,1521.0
2020-06-03,1533.25
2020-06-04,1540.0
2020-06-05,1574.3
2020-06-06,1602.3
2020-06-07,1602.3
2020-06-08,1565.05
2020-06-09,1533.05
2020-06-10,1540.6
2020-06-11,1530.95
2020-06-12,1495.0
2020-06-13,1582.9
2020-06-14,1582.9
2020-06-15,1561.55
2020-06-16,1585.15
2020-06-17,1602.0
2020-06-18,1605.55
2020-06-19,1660.6
2020-06-20,1767.275
2020-06-21,1767.275
2020-06-22,1734.85
2020-06-23,1715.8
2020-06-24,1712.6
2020-06-25,1713.85
2020-06-26,1717.2
2020-06-27,1735.3
2020-06-28,1735.3
2020-06-29,1715.0
2020-06-30,1696.0
2020-07-01,1708.75
2020-07-02,1734.4
2020-07-03,1768.5
2020-07-04,1794.325
2020-07-05,1794.325
2020-07-06,1792.0
2020-07-07,1806.4
2020-07-08,1790.1
2020-07-09,1787.0
2020-07-10,1824.6
2020-07-11,1893.5
2020-07-12,1893.5
2020-07-13,1900.1
2020-07-14,1887.8
2020-07-15,1798.15
2020-07-16,1812.25
2020-07-17,1838.2
2020-07-18,1915.6999999999998
2020-07-19,1915.6999999999998
2020-07-20,1899.6
2020-07-21,1935.0
2020-07-22,1960.0
2020-07-23,1991.1
2020-07-24,2055.9
2020-07-25,2167.85
2020-07-26,2167.85
2020-07-27,2128.05
2020-07-28,2152.2
2020-07-29,2071.0
2020-07-30,2072.3
2020-07-31,2053.3
2020-08-01,2062.975
2020-08-02,2062.975
2020-08-03,2004.0
2020-08-04,2001.25
2020-08-05,2118.0
2020-08-06,2106.95
2020-08-07,2120.1
2020-08-08,2151.6
2020-08-09,2151.6
2020-08-10,2108.25
2020-08-11,2101.15
2020-08-12,2106.6
2020-08-13,2110.0
2020-08-14,2090.2
2020-08-15,2108.625
2020-08-16,2108.625
2020-08-17,2070.0
2020-08-18,2082.95
2020-08-19,2121.35
2020-08-20,2087.8
2020-08-21,2077.05
2020-08-22,2090.275
2020-08-23,2090.275
2020-08-24,2070.15
2020-08-25,2078.3
2020-08-26,2047.25
2020-08-27,2103.75
2020-08-28,2106.2
2020-08-29,2143.8
2020-08-30,2143.8
2020-08-31,2061.25
2020-09-01,2063.45
2020-09-02,2085.5
2020-09-03,2103.2
2020-09-04,2065.6
2020-09-05,2078.8
2020-09-06,2078.8
2020-09-07,2045.35
2020-09-08,2080.9
2020-09-09,2085.0
2020-09-10,2176.15
2020-09-11,2286.05
2020-09-12,2319.3
2020-09-13,2319.3
2020-09-14,2281.95
2020-09-15,2288.2
2020-09-16,2311.75
2020-09-17,2293.0
2020-09-18,2277.05
2020-09-19,2305.25
2020-09-20,2305.25
2020-09-21,2248.0
2020-09-22,2201.35
2020-09-23,2206.15
2020-09-24,2175.65
2020-09-25,2168.6
2020-09-26,2215.35
2020-09-27,2215.35
2020-09-28,2207.25
2020-09-29,2217.15
2020-09-30,2225.1
2020-10-01,2213.85
2020-10-02,2235.525
2020-10-03,2235.525
2020-10-04,2235.525
2020-10-05,2205.5
2020-10-06,2201.45
2020-10-07,2221.0
2020-10-08,2222.4
2020-10-09,2217.2
2020-10-10,2233.6
2020-10-11,2233.6
2020-10-12,2226.85
2020-10-13,2228.2
2020-10-14,2269.55
2020-10-15,2195.1
2020-10-16,2173.05
2020-10-17,2183.75
2020-10-18,2183.75
2020-10-19,2156.0
2020-10-20,2152.2
2020-10-21,2098.75
2020-10-22,2091.5
2020-10-23,2095.65
2020-10-24,2106.775
2020-10-25,2106.775
2020-10-26,2018.45
2020-10-27,2005.55
2020-10-28,2006.9
2020-10-29,1990.75
2020-10-30,2022.0
2020-10-31,2043.925
2020-11-01,2043.925
2020-11-02,1860.0
2020-11-03,1835.0
2020-11-04,1840.0
2020-11-05,1931.4
2020-11-06,1977.65
2020-11-07,2043.85
2020-11-08,2043.85
2020-11-09,2038.9
2020-11-10,2041.8
2020-11-11,1979.0
2020-11-12,1965.0
2020-11-13,1981.0
2020-11-14,1996.0
2020-11-15,2042.9
2020-11-16,2042.9
2020-11-17,1985.0
2020-11-18,1961.0
2020-11-19,1968.0
2020-11-20,1894.6
2020-11-21,1914.1
2020-11-22,1914.1
2020-11-23,1927.0
2020-11-24,1931.2
2020-11-25,1942.3
2020-11-26,1930.4
2020-11-27,1921.55
2020-11-28,1932.55
2020-11-29,1932.55
2020-11-30,1932.55
2020-12-01,1931.0
2020-12-02,1935.0
2020-12-03,1958.05
2020-12-04,1940.0
2020-12-05,1944.275
2020-12-06,1944.275
2020-12-07,1942.0
2020-12-08,1950.15
2020-12-09,2000.0
2020-12-10,2000.95
2020-12-11,1974.4
2020-12-12,2009.3
2020-12-13,2009.3
2020-12-14,1987.05
2020-12-15,1961.5
2020-12-16,1965.75
2020-12-17,1977.1
2020-12-18,1965.0
2020-12-19,2001.125
2020-12-20,2001.125
2020-12-21,1856.05
2020-12-22,1887.75
2020-12-23,1920.0
2020-12-24,1947.05
2020-12-25,1999.0
2020-12-26,1999.0
2020-12-27,1999.0
2020-12-28,1995.6
2020-12-29,1982.6
2020-12-30,1975.9
2020-12-31,1980.0
2021-01-01,1982.3
2021-01-02,1987.85
2021-01-03,1987.85
2021-01-04,1967.9
2021-01-05,1956.0
2021-01-06,1905.0
2021-01-07,1905.65
2021-01-08,1912.7
2021-01-09,1934.025
2021-01-10,1934.025
2021-01-11,1892.25
2021-01-12,1900.0
2021-01-13,1918.65
2021-01-14,1936.05
2021-01-15,1920.15
2021-01-16,1938.8
2021-01-17,1938.8
2021-01-18,1922.65
2021-01-19,1993.65
2021-01-20,2001.25
2021-01-21,2075.0
2021-01-22,2035.2
2021-01-23,2050.825
2021-01-24,2050.825
2021-01-25,1932.2
2021-01-26,1934.95
2021-01-27,1888.0
2021-01-28,1870.15
2021-01-29,1830.0
2021-01-30,1844.1750000000002
2021-01-31,1844.1750000000002
2021-02-01,1845.2
2021-02-02,1855.0
2021-02-03,1900.0
2021-02-04,1905.05
2021-02-05,1920.0
2021-02-06,1927.6
2021-02-07,1927.6
2021-02-08,1929.05
2021-02-09,1952.0
2021-02-10,1928.0
2021-02-11,1971.2
2021-02-12,2015.55
2021-02-13,2045.125
2021-02-14,2045.125
2021-02-15,2025.4
2021-02-16,2037.5
2021-02-17,2050.85
2021-02-18,2059.7
2021-02-19,2058.0
2021-02-20,2080.275
2021-02-21,2080.275
2021-02-22,1995.1
2021-02-23,2013.8
2021-02-24,2000.55
2021-02-25,2071.0
2021-02-26,2070.15
2021-02-27,2099.1499999999996
2021-02-28,2099.1499999999996
2021-03-01,2063.2
2021-03-02,2089.25
2021-03-03,2107.2
2021-03-04,2158.0
2021-03-05,2155.0
2021-03-06,2175.025
2021-03-07,2175.025
2021-03-08,2169.45
2021-03-09,2146.2
2021-03-10,2170.15
2021-03-11,2190.35
2021-03-12,2123.65
2021-03-13,2138.65
2021-03-14,2138.65
2021-03-15,2080.9
2021-03-16,2096.05
2021-03-17,2035.35
2021-03-18,2001.0
2021-03-19,1981.2
2021-03-20,2078.45
2021-03-21,2078.45
2021-03-22,2033.9
2021-03-23,2057.25
2021-03-24,2040.8
2021-03-25,1985.0
2021-03-26,1973.05
2021-03-27,2001.975
2021-03-28,2001.975
2021-03-29,2001.975
2021-03-30,1992.0
2021-03-31,1999.0
2021-04-01,2003.35
2021-04-02,2023.35
2021-04-03,2023.35
2021-04-04,2023.35
2021-04-05,1961.85
2021-04-06,1970.0
2021-04-07,1992.2
2021-04-08,1993.5
2021-04-09,1980.1
2021-04-10,1969.35
2021-04-11,1969.35
2021-04-12,1900.55
2021-04-13,1918.35
2021-04-14,1926.2
2021-04-15,1913.6
2021-04-16,1926.6
2021-04-17,1917.5
2021-04-18,1917.5
2021-04-19,1891.0
2021-04-20,1890.55
2021-04-21,1898.7
2021-04-22,1877.6
2021-04-23,1896.0
2021-04-24,1910.325
2021-04-25,1910.325
2021-04-26,1911.85
2021-04-27,1940.9
2021-04-28,1980.75
2021-04-29,2008.0
2021-04-30,1987.4
2021-05-01,1979.075
2021-05-02,1979.075
2021-05-03,1943.7
2021-05-04,1911.0
2021-05-05,1908.15
2021-05-06,1907.25
2021-05-07,1925.9
2021-05-08,1937.525
2021-05-09,1937.525
2021-05-10,1920.4
2021-05-11,1910.05
2021-05-12,1907.75
2021-05-13,1919.3249999999998
2021-05-14,1906.5
2021-05-15,1937.775
2021-05-16,1937.775
2021-05-17,1931.0
2021-05-18,1972.1
2021-05-19,1972.1
2021-05-20,1981.1
2021-05-21,1980.0
2021-05-22,2004.15
2021-05-23,2004.15
2021-05-24,1981.6
2021-05-25,1960.1
2021-05-26,1966.0
2021-05-27,1963.1
2021-05-28,1985.1
2021-05-29,2097.95
2021-05-30,2097.95
2021-05-31,2082.0
2021-06-01,2147.35
2021-06-02,2158.55
2021-06-03,2196.1
2021-06-04,2183.8
2021-06-05,2198.25
2021-06-06,2198.25
2021-06-07,2184.6
2021-06-08,2198.4
2021-06-09,2158.25
2021-06-10,2177.2
2021-06-11,2182.7
2021-06-12,2213.5
2021-06-13,2213.5
2021-06-14,2196.0
2021-06-15,2241.2
2021-06-16,2206.75
2021-06-17,2179.85
2021-06-18,2184.25
2021-06-19,2214.7
2021-06-20,2214.7
2021-06-21,2200.95
2021-06-22,2220.0
2021-06-23,2201.45
2021-06-24,2140.0
2021-06-25,2081.15
2021-06-26,2114.15
2021-06-27,2114.15
2021-06-28,2081.1
2021-06-29,2083.3
2021-06-30,2091.95
2021-07-01,2094.55
2021-07-02,2094.25
2021-07-03,2133.5
2021-07-04,2133.5
2021-07-05,2131.5
2021-07-06,2121.0
2021-07-07,2098.7
2021-07-08,2081.0
2021-07-09,2065.95
2021-07-10,2077.5
2021-07-11,2077.5
2021-07-12,2075.15
2021-07-13,2088.1
2021-07-14,2082.0
2021-07-15,2078.65
2021-07-16,2085.0
2021-07-17,2107.9
2021-07-18,2107.9
2021-07-19,2093.0
2021-07-20,2084.0
2021-07-21,2102.3999999999996
2021-07-22,2098.8
2021-07-23,2102.85
2021-07-24,2107.6
2021-07-25,2107.6
2021-07-26,2071.7
2021-07-27,2041.2
2021-07-28,2016.6
2021-07-29,2043.75
2021-07-30,2030.4
2021-07-31,2041.3000000000002
2021-08-01,2041.3000000000002
2021-08-02,2041.0
2021-08-03,2064.15
2021-08-04,2087.0
2021-08-05,2104.3
2021-08-06,2079.2
2021-08-07,2082.625
2021-08-08,2082.625
2021-08-09,2065.8
2021-08-10,2073.55
2021-08-11,2082.55
2021-08-12,2105.4
2021-08-13,2110.15
2021-08-14,2145.625
2021-08-15,2145.625
2021-08-16,2128.7
2021-08-17,2148.3
2021-08-18,2152.7
2021-08-19,2159.775
2021-08-20,2138.0
2021-08-21,2157.1
2021-08-22,2157.1
2021-08-23,2132.45
2021-08-24,2155.45
2021-08-25,2180.0
2021-08-26,2204.9
2021-08-27,2215.9
2021-08-28,2233.375
2021-08-29,2233.375
2021-08-30,2239.6
2021-08-31,2242.5
2021-09-01,2130.0
2021-09-02,2258.45
2021-09-03,2306.8
2021-09-04,2401.125
2021-09-05,2401.125
2021-09-06,2413.35
2021-09-07,2412.0
2021-09-08,2406.15
2021-09-09,2416.0
2021-09-10,2426.725
2021-09-11,2426.725
2021-09-12,2426.725
2021-09-13,2368.1
2021-09-14,2366.1
2021-09-15,2368.85
2021-09-16,2367.0
2021-09-17,2378.8
2021-09-18,2382.7
2021-09-19,2382.7
2021-09-20,2370.0
2021-09-21,2384.65
2021-09-22,2398.15
2021-09-23,2445.0
2021-09-24,2472.0
2021-09-25,2483.575
2021-09-26,2483.575
2021-09-27,2475.5
2021-09-28,2512.2
2021-09-29,2520.0
2021-09-30,2500.75
2021-10-01,2495.85
2021-10-02,2536.375
2021-10-03,2536.375
2021-10-04,2537.55
2021-10-05,2547.3
2021-10-06,2550.05
2021-10-07,2568.1
2021-10-08,2580.0
2021-10-09,2697.7749999999996
2021-10-10,2697.7749999999996
2021-10-11,2645.05
2021-10-12,2641.0
2021-10-13,2669.0
2021-10-14,2687.15
2021-10-15,2691.925
2021-10-16,2691.925
2021-10-17,2691.925
2021-10-18,2660.0
2021-10-19,2708.0
2021-10-20,2691.45
2021-10-21,2603.0
2021-10-22,2611.4
2021-10-23,2663.025
2021-10-24,2663.025
2021-10-25,2570.1
2021-10-26,2603.35
2021-10-27,2620.0
2021-10-28,2591.1
2021-10-29,2502.55
2021-10-30,2534.3999999999996
2021-10-31,2534.3999999999996
2021-11-01,2494.0
2021-11-02,2497.0
2021-11-03,2461.0
2021-11-04,2490.05
2021-11-05,2504.45
2021-11-06,2504.45
2021-11-07,2504.45
2021-11-08,2457.65
2021-11-09,2486.7
2021-11-10,2503.85
2021-11-11,2535.95
2021-11-12,2557.0
2021-11-13,2596.25
2021-11-14,2596.25
2021-11-15,2570.0
2021-11-16,2495.0
2021-11-17,2460.35
2021-11-18,2450.6
2021-11-19,2456.375
2021-11-20,2456.375
2021-11-21,2456.375
2021-11-22,2351.0
2021-11-23,2309.4
2021-11-24,2344.0
2021-11-25,2358.0
2021-11-26,2403.0
2021-11-27,2412.075
2021-11-28,2412.075
2021-11-29,2400.0
2021-11-30,2390.0
2021-12-01,2425.5
2021-12-02,2461.2
2021-12-03,2400.1
2021-12-04,2414.575
2021-12-05,2414.575
2021-12-06,2357.15
2021-12-07,2373.55
2021-12-08,2407.1
2021-12-09,2425.45
2021-12-10,2430.5
2021-12-11,2464.475
2021-12-12,2464.475
2021-12-13,2405.0
2021-12-14,2373.5
2021-12-15,2361.75
2021-12-16,2369.0
2021-12-17,2320.0
2021-12-18,2328.075
2021-12-19,2328.075
2021-12-20,2248.0
2021-12-21,2293.0
2021-12-22,2314.5
2021-12-23,2358.95
2021-12-24,2337.65
2021-12-25,2367.575
2021-12-26,2367.575
2021-12-27,2348.95
2021-12-28,2374.35
2021-12-29,2382.45
2021-12-30,2346.0
2021-12-31,2360.05
2022-01-01,2367.825
2022-01-02,2367.825
2022-01-03,2364.95
2022-01-04,2403.0
2022-01-05,2433.0
2022-01-06,2409.0
2022-01-07,2411.5
2022-01-08,2444.95
2022-01-09,2444.95
2022-01-10,2416.55
2022-01-11,2431.1
2022-01-12,2465.4
2022-01-13,2508.8
2022-01-14,2525.8
2022-01-15,2539.1499999999996
2022-01-16,2539.1499999999996
2022-01-17,2538.75
2022-01-18,2515.5
2022-01-19,2508.8
2022-01-20,2455.0
2022-01-21,2450.15
2022-01-22,2478.1
2022-01-23,2478.1
2022-01-24,2352.7
2022-01-25,2305.05
2022-01-26,2359.35
2022-01-27,2312.0
2022-01-28,2329.0
2022-01-29,2345.2
2022-01-30,2345.2
2022-01-31,2355.0
2022-02-01,2347.65
2022-02-02,2376.0
2022-02-03,2348.0
2022-02-04,2322.0
2022-02-05,2334.9
2022-02-06,2334.9
2022-02-07,2305.05
2022-02-08,2310.0
2022-02-09,2358.6
2022-02-10,2365.0
2022-02-11,2343.95
2022-02-12,2338.425
2022-02-13,2338.425
2022-02-14,2300.0
2022-02-15,2335.85
2022-02-16,2396.0
2022-02-17,2410.5
2022-02-18,2421.0
2022-02-19,2419.525
2022-02-20,2419.525
2022-02-21,2385.0
2022-02-22,2346.75
2022-02-23,2367.9
2022-02-24,2242.5
2022-02-25,2275.6
2022-02-26,2265.5
2022-02-27,2265.5
2022-02-28,2245.0
2022-03-01,2354.1
2022-03-02,2331.1
2022-03-03,2370.0
2022-03-04,2320.55
2022-03-05,2310.675
2022-03-06,2310.675
2022-03-07,2222.65
2022-03-08,2181.0
2022-03-09,2233.95
2022-03-10,2360.0
2022-03-11,2372.0
2022-03-12,2396.25
2022-03-13,2396.25
2022-03-14,2375.0
2022-03-15,2341.2
2022-03-16,2376.45
2022-03-17,2401.15
2022-03-18,2465.825
2022-03-19,2465.825
2022-03-20,2465.825
2022-03-21,2442.0
2022-03-22,2454.0
2022-03-23,2526.2
2022-03-24,2512.05
2022-03-25,2577.0
2022-03-26,2603.85
2022-03-27,2603.85
2022-03-28,2586.9
2022-03-29,2608.2
2022-03-30,2617.75
2022-03-31,2628.9
2022-04-01,2622.5
2022-04-02,2655.725
2022-04-03,2655.725
2022-04-04,2644.25
2022-04-05,2621.15
2022-04-06,2588.6
2022-04-07,2567.0
2022-04-08,2562.6
2022-04-09,2607.875
2022-04-10,2607.875
2022-04-11,2582.65
2022-04-12,2556.0
2022-04-13,2546.0
2022-04-14,2541.35
2022-04-15,2541.35
2022-04-16,2541.35
2022-04-17,2541.35
2022-04-18,2522.6
2022-04-19,2551.1
2022-04-20,2650.0
2022-04-21,2733.65
2022-04-22,2743.85
2022-04-23,2748.95
2022-04-24,2748.95
2022-04-25,2664.4
2022-04-26,2708.0
2022-04-27,2757.0
2022-04-28,2786.3
2022-04-29,2777.55
2022-04-30,2773.15
2022-05-01,2773.15
2022-05-02,2755.5
2022-05-03,2782.775
2022-05-04,2675.8
2022-05-05,2632.0
2022-05-06,2594.6
2022-05-07,2598.075
2022-05-08,2598.075
2022-05-09,2507.1
2022-05-10,2459.0
2022-05-11,2421.9
2022-05-12,2370.0
2022-05-13,2416.05
2022-05-14,2430.025
2022-05-15,2430.025
2022-05-16,2416.45
2022-05-17,2435.0
2022-05-18,2508.3
2022-05-19,2466.45
2022-05-20,2503.0
2022-05-21,2626.075
2022-05-22,2626.075
2022-05-23,2592.95
2022-05-24,2598.0
2022-05-25,2601.85
2022-05-26,2547.7
2022-05-27,2539.35
2022-05-28,2597.5
2022-05-29,2597.5
2022-05-30,2594.85
2022-05-31,2615.85
2022-06-01,2616.1
2022-06-02,2635.65
2022-06-03,2740.0
2022-06-04,2780.05
2022-06-05,2780.05
2022-06-06,2751.55
2022-06-07,2754.0
2022-06-08,2715.6
2022-06-09,2709.0
2022-06-10,2701.6
2022-06-11,2683.9
2022-06-12,2683.9
2022-06-13,2616.4
2022-06-14,2613.85
2022-06-15,2585.1
2022-06-16,2554.95
2022-06-17,2532.0
2022-06-18,2598.15
2022-06-19,2598.15
2022-06-20,2521.1
2022-06-21,2529.0
2022-06-22,2501.0
2022-06-23,2446.0
2022-06-24,2468.25
2022-06-25,2524.875
2022-06-26,2524.875
2022-06-27,2482.0
2022-06-28,2482.15
2022-06-29,2501.0
2022-06-30,2567.3
2022-07-01,2365.0
2022-07-02,2398.875
2022-07-03,2398.875
2022-07-04,2367.0
2022-07-05,2417.6
2022-07-06,2387.4
2022-07-07,2375.05
2022-07-08,2383.0
2022-07-09,2385.75
2022-07-10,2385.75
2022-07-11,2370.3
2022-07-12,2403.9
2022-07-13,2373.0
2022-07-14,2377.5
2022-07-15,2383.6
2022-07-16,2410.8
2022-07-17,2410.8
2022-07-18,2393.5
2022-07-19,2400.75
2022-07-20,2485.55
2022-07-21,2468.0
2022-07-22,2495.0
2022-07-23,2485.95
2022-07-24,2485.95
2022-07-25,2403.95
2022-07-26,2412.45
2022-07-27,2402.0
2022-07-28,2421.1
2022-07-29,2463.5
2022-07-30,2510.875
2022-07-31,2510.875
2022-08-01,2507.95
2022-08-02,2560.55
2022-08-03,2567.55
2022-08-04,2535.0
2022-08-05,2527.5
2022-08-06,2534.475
2022-08-07,2534.475
2022-08-08,2531.65
2022-08-09,2569.4
2022-08-10,2558.0
2022-08-11,2580.8
2022-08-12,2582.1
2022-08-13,2641.2250000000004
2022-08-14,2641.2250000000004
2022-08-15,2641.2250000000004
2022-08-16,2627.8
2022-08-17,2656.0
2022-08-18,2640.25
2022-08-19,2605.3
2022-08-20,2614.8
2022-08-21,2614.8
2022-08-22,2586.2
2022-08-23,2586.0
2022-08-24,2636.0
2022-08-25,2622.0
2022-08-26,2608.0
2022-08-27,2594.375
2022-08-28,2594.375
2022-08-29,2570.0
2022-08-30,2577.15
2022-08-31,2614.1
2022-09-01,2552.0
2022-09-02,2525.0
2022-09-03,2529.9
2022-09-04,2529.9
2022-09-05,2530.0
2022-09-06,2569.6
2022-09-07,2569.05
2022-09-08,2571.0
2022-09-09,2565.0
2022-09-10,2571.1499999999996
2022-09-11,2571.1499999999996
2022-09-12,2572.0
2022-09-13,2601.0
2022-09-14,2565.0
2022-09-15,2557.0
2022-09-16,2491.25
2022-09-17,2499.25
2022-09-18,2499.25
2022-09-19,2481.6
2022-09-20,2495.85
2022-09-21,2495.7
2022-09-22,2472.55
2022-09-23,2435.2
2022-09-24,2421.675
2022-09-25,2421.675
2022-09-26,2375.5
2022-09-27,2360.15
2022-09-28,2327.85
2022-09-29,2313.55
2022-09-30,2315.0
2022-10-01,2387.35
2022-10-02,2387.35
2022-10-03,2363.5
2022-10-04,2390.35
2022-10-05,2424.525
2022-10-06,2418.4
2022-10-07,2413.85
2022-10-08,2421.15
2022-10-09,2421.15
2022-10-10,2388.0
2022-10-11,2351.0
2022-10-12,2345.55
2022-10-13,2361.0
2022-10-14,2368.35
2022-10-15,2362.85
2022-10-16,2362.85
2022-10-17,2343.6
2022-10-18,2420.0
2022-10-19,2441.9
2022-10-20,2478.05
2022-10-21,2467.0
2022-10-22,2468.225
2022-10-23,2468.225
2022-10-24,2458.35
2022-10-25,2437.55
2022-10-26,2448.925
2022-10-27,2433.2
2022-10-28,2460.2
2022-10-29,2530.5
2022-10-30,2530.5
2022-10-31,2533.1
