Date,High_Price
2016-01-01,1020.0
2016-01-02,1010.675
2016-01-03,1010.675
2016-01-04,1014.2
2016-01-05,1010.0
2016-01-06,1038.0
2016-01-07,1027.6
2016-01-08,1032.15
2016-01-09,1017.525
2016-01-10,1017.525
2016-01-11,1059.95
2016-01-12,1065.0
2016-01-13,1087.4
2016-01-14,1081.0
2016-01-15,1089.5
2016-01-16,1073.1
2016-01-17,1073.1
2016-01-18,1082.45
2016-01-19,1049.0
2016-01-20,1040.5
2016-01-21,1025.7
2016-01-22,1010.15
2016-01-23,1006.075
2016-01-24,1006.075
2016-01-25,1018.4
2016-01-26,1006.375
2016-01-27,1009.7
2016-01-28,1021.75
2016-01-29,1039.4
2016-01-30,1037.525
2016-01-31,1037.525
2016-02-01,1041.0
2016-02-02,1032.0
2016-02-03,993.2
2016-02-04,1000.0
2016-02-05,982.0
2016-02-06,972.0999999999999
2016-02-07,972.0999999999999
2016-02-08,984.25
2016-02-09,968.5
2016-02-10,972.9
2016-02-11,966.0
2016-02-12,933.0
2016-02-13,913.65
2016-02-14,913.65
2016-02-15,949.95
2016-02-16,958.0
2016-02-17,956.0
2016-02-18,967.75
2016-02-19,952.45
2016-02-20,945.2249999999999
2016-02-21,945.2249999999999
2016-02-22,967.9
2016-02-23,966.9
2016-02-24,959.0
2016-02-25,957.0
2016-02-26,958.5
2016-02-27,950.8
2016-02-28,950.8
2016-02-29,993.0
2016-03-01,985.0
2016-03-02,1005.25
2016-03-03,1017.25
2016-03-04,1018.0
2016-03-05,1006.25
2016-03-06,1006.25
2016-03-07,1006.25
2016-03-08,1031.0
2016-03-09,1044.0
2016-03-10,1045.0
2016-03-11,1029.5
2016-03-12,1016.9
2016-03-13,1016.9
2016-03-14,1026.0
2016-03-15,1026.95
2016-03-16,1025.7
2016-03-17,1036.4
2016-03-18,1028.4
2016-03-19,1026.2
2016-03-20,1026.2
2016-03-21,1039.0
2016-03-22,1052.5
2016-03-23,1047.0
2016-03-24,1029.175
2016-03-25,1029.175
2016-03-26,1029.175
2016-03-27,1029.175
2016-03-28,1031.95
2016-03-29,1040.9
2016-03-30,1050.9
2016-03-31,1055.95
2016-04-01,1045.9
2016-04-02,1034.9
2016-04-03,1034.9
2016-04-04,1042.45
2016-04-05,1042.0
2016-04-06,1035.9
2016-04-07,1048.0
2016-04-08,1054.0
2016-04-09,1036.525
2016-04-10,1036.525
2016-04-11,1045.0
2016-04-12,1057.0
2016-04-13,1068.3
2016-04-14,1065.45
2016-04-15,1065.45
2016-04-16,1065.45
2016-04-17,1065.45
2016-04-18,1065.7
2016-04-19,1064.975
2016-04-20,1070.0
2016-04-21,1051.5
2016-04-22,1047.75
2016-04-23,1040.725
2016-04-24,1040.725
2016-04-25,1044.9
2016-04-26,1023.85
2016-04-27,1025.85
2016-04-28,1019.7
2016-04-29,998.75
2016-04-30,981.9749999999999
2016-05-01,981.9749999999999
2016-05-02,992.5
2016-05-03,994.7
2016-05-04,983.65
2016-05-05,983.5
2016-05-06,976.95
2016-05-07,972.075
2016-05-08,972.075
2016-05-09,986.0
2016-05-10,984.85
2016-05-11,980.45
2016-05-12,992.45
2016-05-13,990.9
2016-05-14,978.125
2016-05-15,978.125
2016-05-16,982.05
2016-05-17,983.3
2016-05-18,972.75
2016-05-19,971.7
2016-05-20,954.6
2016-05-21,936.25
2016-05-22,936.25
2016-05-23,940.0
2016-05-24,943.35
2016-05-25,951.9
2016-05-26,953.0
2016-05-27,975.7
2016-05-28,973.825
2016-05-29,973.825
2016-05-30,981.45
2016-05-31,972.5
2016-06-01,966.5
2016-06-02,957.25
2016-06-03,963.6
2016-06-04,958.475
2016-06-05,958.475
2016-06-06,962.75
2016-06-07,961.1
2016-06-08,958.0
2016-06-09,977.0
2016-06-10,984.2
2016-06-11,972.825
2016-06-12,972.825
2016-06-13,983.3
2016-06-14,984.5
2016-06-15,984.9
2016-06-16,983.5
2016-06-17,978.9
2016-06-18,969.125
2016-06-19,969.125
2016-06-20,993.0
2016-06-21,995.0
2016-06-22,986.95
2016-06-23,983.45
2016-06-24,966.0
2016-06-25,950.675
2016-06-26,950.675
2016-06-27,958.8
2016-06-28,961.55
2016-06-29,968.8
2016-06-30,977.75
2016-07-01,976.45
2016-07-02,975.825
2016-07-03,975.825
2016-07-04,992.35
2016-07-05,1002.8
2016-07-06,993.2
2016-07-07,1000.0
2016-07-08,989.0
2016-07-09,984.075
2016-07-10,984.075
2016-07-11,994.9
2016-07-12,1004.05
2016-07-13,1015.8
2016-07-14,1014.6
2016-07-15,1020.65
2016-07-16,1019.775
2016-07-17,1019.775
2016-07-18,1039.0
2016-07-19,1021.8
2016-07-20,1028.1
2016-07-21,1024.55
2016-07-22,1017.25
2016-07-23,1015.4
2016-07-24,1015.4
2016-07-25,1021.8
2016-07-26,1034.15
2016-07-27,1026.9
2016-07-28,1029.8
2016-07-29,1025.8
2016-07-30,1016.025
2016-07-31,1016.025
2016-08-01,1020.85
2016-08-02,1018.5
2016-08-03,1013.05
2016-08-04,1002.0
2016-08-05,1017.5
2016-08-06,1015.8499999999999
2016-08-07,1015.8499999999999
2016-08-08,1033.5
2016-08-09,1033.4
2016-08-10,1034.5
2016-08-11,1022.0
2016-08-12,1041.75
2016-08-13,1034.975
2016-08-14,1034.975
2016-08-15,1034.975
2016-08-16,1044.0
2016-08-17,1028.8
2016-08-18,1023.15
2016-08-19,1021.7
2016-08-20,1016.375
2016-08-21,1016.375
2016-08-22,1020.35
2016-08-23,1014.8
2016-08-24,1022.1
2016-08-25,1028.5
2016-08-26,1030.0
2016-08-27,1027.7
2016-08-28,1027.7
2016-08-29,1059.95
2016-08-30,1070.0
2016-08-31,1073.55
2016-09-01,1072.55
2016-09-02,1035.0
2016-09-03,1016.425
2016-09-04,1016.425
2016-09-05,1016.425
2016-09-06,1024.95
2016-09-07,1026.75
2016-09-08,1035.5
2016-09-09,1049.65
2016-09-10,1038.85
2016-09-11,1038.85
2016-09-12,1055.65
2016-09-13,1046.3
2016-09-14,1058.0
2016-09-15,1068.0
2016-09-16,1093.25
2016-09-17,1075.275
2016-09-18,1075.275
2016-09-19,1087.5
2016-09-20,1086.0
2016-09-21,1084.5
2016-09-22,1095.5
2016-09-23,1109.2
2016-09-24,1102.725
2016-09-25,1102.725
2016-09-26,1128.9
2016-09-27,1125.7
2016-09-28,1113.0
2016-09-29,1110.0
2016-09-30,1093.45
2016-10-01,1083.3
2016-10-02,1083.3
2016-10-03,1107.35
2016-10-04,1108.0
2016-10-05,1105.8
2016-10-06,1124.8
2016-10-07,1122.65
2016-10-08,1112.475
2016-10-09,1112.475
2016-10-10,1122.0
2016-10-11,1094.825
2016-10-12,1094.825
2016-10-13,1093.7
2016-10-14,1081.95
2016-10-15,1078.6
2016-10-16,1078.6
2016-10-17,1080.65
2016-10-18,1082.0
2016-10-19,1094.5
2016-10-20,1097.8
2016-10-21,1099.0
2016-10-22,1066.2
2016-10-23,1066.2
2016-10-24,1074.0
2016-10-25,1065.4
2016-10-26,1059.2
2016-10-27,1054.0
2016-10-28,1056.0
2016-10-29,1055.25
2016-10-30,1065.0
2016-10-31,1051.1
2016-11-01,1055.0
2016-11-02,1042.05
2016-11-03,1034.5
2016-11-04,1027.15
2016-11-05,1008.575
2016-11-06,1008.575
2016-11-07,1016.5
2016-11-08,1009.0
2016-11-09,1008.9
2016-11-10,1028.4
2016-11-11,1017.3
2016-11-12,1001.5999999999999
2016-11-13,1001.5999999999999
2016-11-14,1001.5999999999999
2016-11-15,1001.8
2016-11-16,996.7
2016-11-17,998.0
2016-11-18,992.15
2016-11-19,987.75
2016-11-20,987.75
2016-11-21,993.7
2016-11-22,1007.5
2016-11-23,1008.5
2016-11-24,1006.9
2016-11-25,996.0
2016-11-26,994.2249999999999
2016-11-27,994.2249999999999
2016-11-28,1000.05
2016-11-29,1002.7
2016-11-30,997.6
2016-12-01,1014.6
2016-12-02,1005.6
2016-12-03,994.65
2016-12-04,994.65
2016-12-05,998.75
2016-12-06,1004.9
2016-12-07,1007.0
2016-12-08,1021.0
2016-12-09,1029.6
2016-12-10,1026.625
2016-12-11,1026.625
2016-12-12,1040.0
2016-12-13,1042.0
2016-12-14,1064.4
2016-12-15,1066.8
2016-12-16,1062.0
2016-12-17,1057.775
2016-12-18,1057.775
2016-12-19,1065.8
2016-12-20,1062.0
2016-12-21,1066.35
2016-12-22,1061.55
2016-12-23,1068.45
2016-12-24,1056.875
2016-12-25,1056.875
2016-12-26,1066.0
2016-12-27,1066.7
2016-12-28,1069.9
2016-12-29,1068.6
2016-12-30,1084.7
2016-12-31,1080.725
2017-01-01,1080.725
2017-01-02,1089.45
2017-01-03,1097.0
2017-01-04,1092.45
2017-01-05,1079.5
2017-01-06,1085.0
2017-01-07,1075.85
2017-01-08,1075.85
2017-01-09,1085.7
2017-01-10,1092.0
2017-01-11,1095.0
2017-01-12,1090.0
2017-01-13,1096.6
2017-01-14,1090.775
2017-01-15,1090.775
2017-01-16,1093.85
2017-01-17,1074.7
2017-01-18,1048.15
2017-01-19,1044.65
2017-01-20,1037.7
2017-01-21,1024.85
2017-01-22,1024.85
2017-01-23,1031.0
2017-01-24,1030.0
2017-01-25,1035.0
2017-01-26,1018.2
2017-01-27,1028.95
2017-01-28,1025.15
2017-01-29,1025.15
2017-01-30,1045.8
2017-01-31,1053.9
2017-02-01,1050.85
2017-02-02,1050.0
2017-02-03,1050.1
2017-02-04,1034.875
2017-02-05,1034.875
2017-02-06,1043.9
2017-02-07,1040.75
2017-02-08,1038.45
2017-02-09,1034.45
2017-02-10,1035.9
2017-02-11,1032.15
2017-02-12,1032.15
2017-02-13,1035.0
2017-02-14,1052.5
2017-02-15,1057.5
2017-02-16,1067.0
2017-02-17,1077.9
2017-02-18,1072.675
2017-02-19,1072.675
2017-02-20,1077.0
2017-02-21,1090.55
2017-02-22,1212.0
2017-02-23,1222.3
2017-02-24,1184.8
2017-02-25,1184.8
2017-02-26,1184.8
2017-02-27,1256.5
2017-02-28,1247.85
2017-03-01,1244.9
2017-03-02,1254.0
2017-03-03,1287.8
2017-03-04,1263.225
2017-03-05,1263.225
2017-03-06,1309.9
2017-03-07,1326.75
2017-03-08,1310.0
2017-03-09,1298.0
2017-03-10,1296.5
2017-03-11,1298.6750000000002
2017-03-12,1298.6750000000002
2017-03-13,1298.6750000000002
2017-03-14,1319.1
2017-03-15,1316.0
2017-03-16,1311.0
2017-03-17,1319.85
2017-03-18,1300.825
2017-03-19,1300.825
2017-03-20,1305.0
2017-03-21,1285.6
2017-03-22,1266.0
2017-03-23,1277.75
2017-03-24,1291.65
2017-03-25,1276.875
2017-03-26,1276.875
2017-03-27,1278.5
2017-03-28,1263.35
2017-03-29,1260.0
2017-03-30,1272.8
2017-03-31,1336.0
2017-04-01,1325.6
2017-04-02,1325.6
2017-04-03,1380.0
2017-04-04,1379.6
2017-04-05,1417.95
2017-04-06,1448.5
2017-04-07,1433.75
2017-04-08,1410.775
2017-04-09,1410.775
2017-04-10,1424.7
2017-04-11,1400.3
2017-04-12,1388.8
2017-04-13,1373.0
2017-04-14,1366.025
2017-04-15,1366.025
2017-04-16,1366.025
2017-04-17,1394.25
2017-04-18,1410.0
2017-04-19,1382.7
2017-04-20,1386.9
2017-04-21,1420.0
2017-04-22,1404.875
2017-04-23,1404.875
2017-04-24,1433.75
2017-04-25,1465.0
2017-04-26,1440.0
2017-04-27,1424.7
2017-04-28,1420.8
2017-04-29,1397.4499999999998
2017-04-30,1397.4499999999998
2017-05-01,1397.4499999999998
2017-05-02,1402.0
2017-05-03,1380.5
2017-05-04,1379.5
2017-05-05,1367.65
2017-05-06,1328.6
2017-05-07,1328.6
2017-05-08,1339.6
2017-05-09,1333.0
2017-05-10,1363.0
2017-05-11,1374.95
2017-05-12,1363.9
2017-05-13,1352.675
2017-05-14,1352.675
2017-05-15,1356.05
2017-05-16,1377.0
2017-05-17,1364.85
2017-05-18,1352.0
2017-05-19,1339.0
2017-05-20,1320.525
2017-05-21,1320.525
2017-05-22,1333.35
2017-05-23,1330.25
2017-05-24,1313.5
2017-05-25,1311.75
2017-05-26,1344.05
2017-05-27,1336.55
2017-05-28,1336.55
2017-05-29,1365.9
2017-05-30,1364.3
2017-05-31,1368.0
2017-06-01,1339.95
2017-06-02,1338.8
2017-06-03,1324.875
2017-06-04,1324.875
2017-06-05,1340.5
2017-06-06,1338.9
2017-06-07,1343.2
2017-06-08,1345.0
2017-06-09,1352.0
2017-06-10,1332.5
2017-06-11,1332.5
2017-06-12,1329.95
2017-06-13,1327.0
2017-06-14,1357.5
2017-06-15,1394.25
2017-06-16,1395.0
2017-06-17,1389.875
2017-06-18,1389.875
2017-06-19,1415.0
2017-06-20,1422.6
2017-06-21,1427.0
2017-06-22,1444.0
2017-06-23,1441.7
2017-06-24,1433.5
2017-06-25,1433.5
2017-06-26,1433.5
2017-06-27,1440.05
2017-06-28,1440.0
2017-06-29,1418.0
2017-06-30,1394.2
2017-07-01,1384.125
2017-07-02,1384.125
2017-07-03,1394.0
2017-07-04,1425.5
2017-07-05,1445.9
2017-07-06,1449.95
2017-07-07,1497.0
2017-07-08,1491.4
2017-07-09,1491.4
2017-07-10,1508.0
2017-07-11,1504.0
2017-07-12,1524.5
2017-07-13,1523.6
2017-07-14,1534.0
2017-07-15,1532.675
2017-07-16,1532.675
2017-07-17,1558.8
2017-07-18,1551.5
2017-07-19,1540.8
2017-07-20,1549.85
2017-07-21,1592.2
2017-07-22,1595.1
2017-07-23,1595.1
2017-07-24,1624.8
2017-07-25,1629.0
2017-07-26,1629.95
2017-07-27,1631.1
2017-07-28,1605.0
2017-07-29,1597.15
2017-07-30,1597.15
2017-07-31,1618.0
2017-08-01,1625.0
2017-08-02,1636.0
2017-08-03,1665.0
2017-08-04,1663.2
2017-08-05,1626.05
2017-08-06,1626.05
2017-08-07,1632.0
2017-08-08,1621.0
2017-08-09,1619.9
2017-08-10,1606.85
2017-08-11,1578.0
2017-08-12,1551.525
2017-08-13,1551.525
2017-08-14,1585.0
2017-08-15,1572.075
2017-08-16,1578.0
2017-08-17,1596.85
2017-08-18,1579.5
2017-08-19,1576.225
2017-08-20,1576.225
2017-08-21,1585.1
2017-08-22,1579.5
2017-08-23,1585.0
2017-08-24,1592.2
2017-08-25,1573.2
2017-08-26,1573.2
2017-08-27,1573.2
2017-08-28,1582.25
2017-08-29,1566.8
2017-08-30,1568.6
2017-08-31,1597.5
2017-09-01,1615.95
2017-09-02,1612.175
2017-09-03,1612.175
2017-09-04,1635.75
2017-09-05,1634.9
2017-09-06,1652.4
2017-09-07,832.7
2017-09-08,823.6
2017-09-09,818.775
2017-09-10,818.775
2017-09-11,827.0
2017-09-12,824.6
2017-09-13,859.25
2017-09-14,861.4
2017-09-15,852.15
2017-09-16,845.2
2017-09-17,845.2
2017-09-18,851.3
2017-09-19,849.0
2017-09-20,872.1
2017-09-21,851.4
2017-09-22,840.7
2017-09-23,817.7
2017-09-24,817.7
2017-09-25,827.7
2017-09-26,827.0
2017-09-27,827.5
2017-09-28,802.5
2017-09-29,793.5
2017-09-30,787.25
2017-10-01,787.25
2017-10-02,787.25
2017-10-03,803.7
2017-10-04,824.95
2017-10-05,828.25
2017-10-06,838.9
2017-10-07,836.85
2017-10-08,836.85
2017-10-09,838.0
2017-10-10,846.9
2017-10-11,857.9
2017-10-12,876.2
2017-10-13,891.0
2017-10-14,878.3
2017-10-15,878.3
2017-10-16,891.7
2017-10-17,883.95
2017-10-18,917.0
2017-10-19,921.75
2017-10-20,910.75
2017-10-21,910.75
2017-10-22,910.75
2017-10-23,943.45
2017-10-24,947.1
2017-10-25,945.75
2017-10-26,958.2
2017-10-27,956.5
2017-10-28,930.225
2017-10-29,930.225
2017-10-30,945.0
2017-10-31,945.0
2017-11-01,957.4
2017-11-02,956.9
2017-11-03,953.3
2017-11-04,944.8
2017-11-05,944.8
2017-11-06,945.0
2017-11-07,935.0
2017-11-08,908.9
2017-11-09,909.1
2017-11-10,901.0
2017-11-11,883.5
2017-11-12,883.5
2017-11-13,891.35
2017-11-14,894.5
2017-11-15,889.85
2017-11-16,905.0
2017-11-17,924.75
2017-11-18,909.85
2017-11-19,909.85
2017-11-20,924.0
2017-11-21,939.7
2017-11-22,938.7
2017-11-23,948.0
2017-11-24,959.0
2017-11-25,948.75
2017-11-26,948.75
2017-11-27,955.75
2017-11-28,950.95
2017-11-29,949.8
2017-11-30,952.0
2017-12-01,931.1
2017-12-02,912.8
2017-12-03,912.8
2017-12-04,917.9
2017-12-05,918.9
2017-12-06,930.5
2017-12-07,933.95
2017-12-08,937.0
2017-12-09,920.875
2017-12-10,920.875
2017-12-11,925.45
2017-12-12,928.95
2017-12-13,924.3
2017-12-14,925.0
2017-12-15,933.0
2017-12-16,918.45
2017-12-17,918.45
2017-12-18,931.25
2017-12-19,926.9
2017-12-20,927.0
2017-12-21,923.2
2017-12-22,922.0
2017-12-23,920.75
2017-12-24,920.75
2017-12-25,920.75
2017-12-26,936.6
2017-12-27,936.75
2017-12-28,934.2
2017-12-29,932.25
2017-12-30,921.525
2017-12-31,921.525
2018-01-01,923.0
2018-01-02,919.2
2018-01-03,927.2
2018-01-04,921.8
2018-01-05,925.85
2018-01-06,923.55
2018-01-07,923.55
2018-01-08,930.2
2018-01-09,943.95
2018-01-10,946.75
2018-01-11,942.75
2018-01-12,951.85
2018-01-13,948.475
2018-01-14,948.475
2018-01-15,957.55
2018-01-16,949.0
2018-01-17,928.65
2018-01-18,930.0
2018-01-19,932.35
2018-01-20,938.925
2018-01-21,938.925
2018-01-22,974.5
2018-01-23,990.0
2018-01-24,981.9
2018-01-25,971.45
2018-01-26,965.275
2018-01-27,965.275
2018-01-28,965.275
2018-01-29,976.55
2018-01-30,964.3
2018-01-31,964.9
2018-02-01,971.25
2018-02-02,943.25
2018-02-03,900.75
2018-02-04,900.75
2018-02-05,912.0
2018-02-06,897.95
2018-02-07,905.5
2018-02-08,910.0
2018-02-09,902.25
2018-02-10,899.5250000000001
2018-02-11,899.5250000000001
2018-02-12,918.0
2018-02-13,918.175
2018-02-14,941.5
2018-02-15,945.0
2018-02-16,942.0
2018-02-17,921.0
2018-02-18,921.0
2018-02-19,930.6
2018-02-20,930.0
2018-02-21,931.0
2018-02-22,930.75
2018-02-23,937.0
2018-02-24,935.05
2018-02-25,935.05
2018-02-26,944.75
2018-02-27,955.5
2018-02-28,954.9
2018-03-01,958.8
2018-03-02,946.1
2018-03-03,946.1
2018-03-04,946.1
2018-03-05,949.9
2018-03-06,936.0
2018-03-07,909.3
2018-03-08,913.9
2018-03-09,919.0
2018-03-10,915.4749999999999
2018-03-11,915.4749999999999
2018-03-12,933.0
2018-03-13,935.35
2018-03-14,931.2
2018-03-15,928.7
2018-03-16,910.0
2018-03-17,902.15
2018-03-18,902.15
2018-03-19,906.1
2018-03-20,903.6
2018-03-21,901.95
2018-03-22,910.6
2018-03-23,899.7
2018-03-24,892.85
2018-03-25,892.85
2018-03-26,904.5
2018-03-27,910.05
2018-03-28,896.0
2018-03-29,886.65
2018-03-30,886.65
2018-03-31,886.65
2018-04-01,886.65
2018-04-02,901.2
2018-04-03,901.0
2018-04-04,911.15
2018-04-05,910.0
2018-04-06,917.2
2018-04-07,911.35
2018-04-08,911.35
2018-04-09,917.75
2018-04-10,922.45
2018-04-11,931.0
2018-04-12,935.3
2018-04-13,941.4
2018-04-14,936.925
2018-04-15,936.925
2018-04-16,939.9
2018-04-17,947.5
2018-04-18,948.25
2018-04-19,943.95
2018-04-20,941.6
2018-04-21,927.675
2018-04-22,927.675
2018-04-23,942.95
2018-04-24,974.5
2018-04-25,981.45
2018-04-26,988.0
2018-04-27,1010.7
2018-04-28,989.725
2018-04-29,989.725
2018-04-30,992.0
2018-05-01,965.95
2018-05-02,978.2
2018-05-03,978.8
2018-05-04,964.5
2018-05-05,955.95
2018-05-06,955.95
2018-05-07,974.0
2018-05-08,982.0
2018-05-09,982.65
2018-05-10,984.0
2018-05-11,990.15
2018-05-12,991.2
2018-05-13,991.2
2018-05-14,993.9
2018-05-15,999.3
2018-05-16,976.3
2018-05-17,960.7
2018-05-18,953.55
2018-05-19,932.7
2018-05-20,932.7
2018-05-21,935.4
2018-05-22,934.2
2018-05-23,927.1
2018-05-24,920.95
2018-05-25,924.25
2018-05-26,922.65
2018-05-27,922.65
2018-05-28,927.15
2018-05-29,927.9
2018-05-30,922.8
2018-05-31,924.0
2018-06-01,934.9
2018-06-02,932.0
2018-06-03,932.0
2018-06-04,943.75
2018-06-05,955.0
2018-06-06,955.4
2018-06-07,975.6
2018-06-08,986.5
2018-06-09,983.875
2018-06-10,983.875
2018-06-11,999.5
2018-06-12,998.0
2018-06-13,1004.9
2018-06-14,1011.7
2018-06-15,1023.5
2018-06-16,1012.325
2018-06-17,1012.325
2018-06-18,1018.6
2018-06-19,1015.0
2018-06-20,1021.75
2018-06-21,1035.8
2018-06-22,1030.0
2018-06-23,1014.65
2018-06-24,1014.65
2018-06-25,1017.0
2018-06-26,1005.05
2018-06-27,985.75
2018-06-28,969.0
2018-06-29,977.75
2018-06-30,972.975
2018-07-01,972.975
2018-07-02,973.5
2018-07-03,978.25
2018-07-04,992.0
2018-07-05,1008.5
2018-07-06,982.45
2018-07-07,981.0
2018-07-08,981.0
2018-07-09,998.7
2018-07-10,1028.5
2018-07-11,1038.7
2018-07-12,1098.8
2018-07-13,1107.25
2018-07-14,1097.4
2018-07-15,1097.4
2018-07-16,1108.5
2018-07-17,1095.0
2018-07-18,1104.5
2018-07-19,1114.0
2018-07-20,1138.25
2018-07-21,1129.125
2018-07-22,1129.125
2018-07-23,1130.0
2018-07-24,1126.1
2018-07-25,1122.3
2018-07-26,1121.0
2018-07-27,1137.0
2018-07-28,1132.8
2018-07-29,1132.8
2018-07-30,1157.55
2018-07-31,1190.0
2018-08-01,1202.95
2018-08-02,1194.5
2018-08-03,1183.85
2018-08-04,1178.375
2018-08-05,1178.375
2018-08-06,1196.0
2018-08-07,1200.0
2018-08-08,1222.0
2018-08-09,1231.5
2018-08-10,1215.3
2018-08-11,1203.5
2018-08-12,1203.5
2018-08-13,1203.0
2018-08-14,1216.4
2018-08-15,1208.6750000000002
2018-08-16,1215.7
2018-08-17,1215.0
2018-08-18,1204.975
2018-08-19,1204.975
2018-08-20,1238.05
2018-08-21,1251.0
2018-08-22,1245.25
2018-08-23,1273.55
2018-08-24,1280.0
2018-08-25,1279.05
2018-08-26,1279.05
2018-08-27,1296.2
2018-08-28,1323.0
2018-08-29,1328.75
2018-08-30,1300.0
2018-08-31,1273.8
2018-09-01,1244.975
2018-09-02,1244.975
2018-09-03,1258.0
2018-09-04,1254.75
2018-09-05,1252.45
2018-09-06,1263.8
2018-09-07,1279.9
2018-09-08,1275.875
2018-09-09,1275.875
2018-09-10,1276.75
2018-09-11,1267.75
2018-09-12,1257.65
2018-09-13,1256.85
2018-09-14,1275.0
2018-09-15,1252.35
2018-09-16,1252.35
2018-09-17,1251.9
2018-09-18,1238.9
2018-09-19,1227.0
2018-09-20,1215.175
2018-09-21,1237.1
2018-09-22,1216.425
2018-09-23,1216.425
2018-09-24,1239.9
2018-09-25,1244.9
2018-09-26,1254.1
2018-09-27,1263.25
2018-09-28,1271.1
2018-09-29,1258.2
2018-09-30,1258.2
2018-10-01,1260.0
2018-10-02,1232.3249999999998
2018-10-03,1239.75
2018-10-04,1199.0
2018-10-05,1115.55
2018-10-06,1049.35
2018-10-07,1049.35
2018-10-08,1115.35
2018-10-09,1123.5
2018-10-10,1114.7
2018-10-11,1114.4
2018-10-12,1129.0
2018-10-13,1129.85
2018-10-14,1129.85
2018-10-15,1146.35
2018-10-16,1168.0
2018-10-17,1180.95
2018-10-18,1126.4
2018-10-19,1110.0
2018-10-20,1106.325
2018-10-21,1106.325
2018-10-22,1114.8
2018-10-23,1064.5
2018-10-24,1074.95
2018-10-25,1040.05
2018-10-26,1056.75
2018-10-27,1046.2
2018-10-28,1046.2
2018-10-29,1093.15
2018-10-30,1087.45
2018-10-31,1065.7
2018-11-01,1068.8
2018-11-02,1081.0
2018-11-03,1074.125
2018-11-04,1074.125
2018-11-05,1093.5
2018-11-06,1111.95
2018-11-07,1117.0
2018-11-08,1108.275
2018-11-09,1113.3
2018-11-10,1095.925
2018-11-11,1095.925
2018-11-12,1100.05
2018-11-13,1102.8
2018-11-14,1112.85
2018-11-15,1102.85
2018-11-16,1129.3
2018-11-17,1129.75
2018-11-18,1129.75
2018-11-19,1151.4
2018-11-20,1155.45
2018-11-21,1145.4
2018-11-22,1125.1
2018-11-23,1106.4
2018-11-24,1106.4
2018-11-25,1106.4
2018-11-26,1117.25
2018-11-27,1129.4
2018-11-28,1157.7
2018-11-29,1179.9
2018-11-30,1186.0
2018-12-01,1170.125
2018-12-02,1170.125
2018-12-03,1174.0
2018-12-04,1157.4
2018-12-05,1159.0
2018-12-06,1147.85
2018-12-07,1135.2
2018-12-08,1122.95
2018-12-09,1122.95
2018-12-10,1112.75
2018-12-11,1100.2
2018-12-12,1113.35
2018-12-13,1126.35
2018-12-14,1115.0
2018-12-15,1113.225
2018-12-16,1113.225
2018-12-17,1133.8
2018-12-18,1139.5
2018-12-19,1146.55
2018-12-20,1131.95
2018-12-21,1131.4
2018-12-22,1100.0749999999998
2018-12-23,1100.0749999999998
2018-12-24,1103.0
2018-12-25,1088.525
2018-12-26,1100.65
2018-12-27,1125.9
2018-12-28,1135.9
2018-12-29,1126.475
2018-12-30,1126.475
2018-12-31,1133.4
2019-01-01,1130.0
2019-01-02,1126.75
2019-01-03,1114.45
2019-01-04,1104.35
2019-01-05,1102.1
2019-01-06,1102.1
2019-01-07,1117.95
2019-01-08,1109.9
2019-01-09,1116.0
2019-01-10,1110.65
2019-01-11,1114.0
2019-01-12,1097.3000000000002
2019-01-13,1097.3000000000002
2019-01-14,1102.0
2019-01-15,1132.3
2019-01-16,1144.65
2019-01-17,1147.8
2019-01-18,1189.25
2019-01-19,1188.4250000000002
2019-01-20,1188.4250000000002
2019-01-21,1237.4
2019-01-22,1246.25
2019-01-23,1244.0
2019-01-24,1251.75
2019-01-25,1263.0
2019-01-26,1249.625
2019-01-27,1249.625
2019-01-28,1255.45
2019-01-29,1231.9
2019-01-30,1224.9
2019-01-31,1229.8
2019-02-01,1253.0
2019-02-02,1246.425
2019-02-03,1246.425
2019-02-04,1297.0
2019-02-05,1304.25
2019-02-06,1316.5
2019-02-07,1320.85
2019-02-08,1298.7
2019-02-09,1277.175
2019-02-10,1277.175
2019-02-11,1277.0
2019-02-12,1272.0
2019-02-13,1272.9
2019-02-14,1242.7
2019-02-15,1248.5
2019-02-16,1244.4
2019-02-17,1244.4
2019-02-18,1251.4
2019-02-19,1239.7
2019-02-20,1239.25
2019-02-21,1256.7
2019-02-22,1245.9
2019-02-23,1234.1999999999998
2019-02-24,1234.1999999999998
2019-02-25,1243.0
2019-02-26,1233.6
2019-02-27,1244.0
2019-02-28,1239.5
2019-03-01,1242.5
2019-03-02,1226.7
2019-03-03,1226.7
2019-03-04,1226.7
2019-03-05,1239.4
2019-03-06,1271.8
2019-03-07,1279.0
2019-03-08,1274.0
2019-03-09,1268.6999999999998
2019-03-10,1268.6999999999998
2019-03-11,1313.0
2019-03-12,1333.0
2019-03-13,1350.0
2019-03-14,1361.45
2019-03-15,1358.2
2019-03-16,1323.85
2019-03-17,1323.85
2019-03-18,1358.15
2019-03-19,1378.0
2019-03-20,1386.6
2019-03-21,1374.8
2019-03-22,1380.25
2019-03-23,1336.1
2019-03-24,1336.1
2019-03-25,1336.75
2019-03-26,1369.95
2019-03-27,1377.0
2019-03-28,1369.9
2019-03-29,1376.0
2019-03-30,1365.8
2019-03-31,1365.8
2019-04-01,1406.5
2019-04-02,1402.7
2019-04-03,1402.35
2019-04-04,1383.75
2019-04-05,1363.85
2019-04-06,1354.85
2019-04-07,1354.85
2019-04-08,1356.1
2019-04-09,1340.0
2019-04-10,1347.65
2019-04-11,1351.7
2019-04-12,1356.55
2019-04-13,1343.325
2019-04-14,1343.325
2019-04-15,1348.8
2019-04-16,1359.7
2019-04-17,1355.375
2019-04-18,1387.0
2019-04-19,1373.45
2019-04-20,1373.45
2019-04-21,1373.45
2019-04-22,1365.15
2019-04-23,1371.85
2019-04-24,1394.6
2019-04-25,1410.9
2019-04-26,1395.0
2019-04-27,1393.225
2019-04-28,1393.225
2019-04-29,1393.225
2019-04-30,1395.0
2019-05-01,1392.9
2019-05-02,1413.75
2019-05-03,1417.0
2019-05-04,1403.025
2019-05-05,1403.025
2019-05-06,1402.0
2019-05-07,1394.0
2019-05-08,1340.0
2019-05-09,1291.7
2019-05-10,1277.9
2019-05-11,1250.45
2019-05-12,1250.45
2019-05-13,1260.35
2019-05-14,1269.5
2019-05-15,1277.9
2019-05-16,1270.35
2019-05-17,1276.9
2019-05-18,1289.8000000000002
2019-05-19,1289.8000000000002
2019-05-20,1336.5
2019-05-21,1366.25
2019-05-22,1359.0
2019-05-23,1392.0
2019-05-24,1353.5
2019-05-25,1336.4
2019-05-26,1336.4
2019-05-27,1337.0
2019-05-28,1334.8
2019-05-29,1333.15
2019-05-30,1340.45
2019-05-31,1340.9
2019-06-01,1332.375
2019-06-02,1332.375
2019-06-03,1365.0
2019-06-04,1373.0
2019-06-05,1352.65
2019-06-06,1359.0
2019-06-07,1328.7
2019-06-08,1317.6
2019-06-09,1317.6
2019-06-10,1327.0
2019-06-11,1334.8
2019-06-12,1338.6
2019-06-13,1334.35
2019-06-14,1325.1
2019-06-15,1319.075
2019-06-16,1319.075
2019-06-17,1321.5
2019-06-18,1287.6
2019-06-19,1301.15
2019-06-20,1300.0
2019-06-21,1295.6
2019-06-22,1273.6
2019-06-23,1273.6
2019-06-24,1276.0
2019-06-25,1297.8
2019-06-26,1304.5
2019-06-27,1296.65
2019-06-28,1282.8
2019-06-29,1254.5
2019-06-30,1254.5
2019-07-01,1272.0
2019-07-02,1281.0
2019-07-03,1286.4
2019-07-04,1291.25
2019-07-05,1290.2
2019-07-06,1261.8
2019-07-07,1261.8
2019-07-08,1267.7
2019-07-09,1283.85
2019-07-10,1288.7
2019-07-11,1289.75
2019-07-12,1299.8
2019-07-13,1282.8
2019-07-14,1282.8
2019-07-15,1289.0
2019-07-16,1295.0
2019-07-17,1296.8
2019-07-18,1286.2
2019-07-19,1271.0
2019-07-20,1252.975
2019-07-21,1252.975
2019-07-22,1284.55
2019-07-23,1294.0
2019-07-24,1279.05
2019-07-25,1268.8
2019-07-26,1242.0
2019-07-27,1216.75
2019-07-28,1216.75
2019-07-29,1221.5
2019-07-30,1219.9
2019-07-31,1184.85
2019-08-01,1188.3
2019-08-02,1198.0
2019-08-03,1180.85
2019-08-04,1180.85
2019-08-05,1177.5
2019-08-06,1149.9
2019-08-07,1138.4
2019-08-08,1158.0
2019-08-09,1175.0
2019-08-10,1201.0
2019-08-11,1201.0
2019-08-12,1201.0
2019-08-13,1302.5
2019-08-14,1304.0
2019-08-15,1289.425
2019-08-16,1291.0
2019-08-17,1279.1
2019-08-18,1279.1
2019-08-19,1296.65
2019-08-20,1294.0
2019-08-21,1278.4
2019-08-22,1271.05
2019-08-23,1283.9
2019-08-24,1284.975
2019-08-25,1284.975
2019-08-26,1294.0
2019-08-27,1283.9
2019-08-28,1280.5
2019-08-29,1260.0
2019-08-30,1254.0
2019-08-31,1244.175
2019-09-01,1244.175
2019-09-02,1244.175
2019-09-03,1243.05
2019-09-04,1204.9
2019-09-05,1213.75
2019-09-06,1229.0
2019-09-07,1222.25
2019-09-08,1222.25
2019-09-09,1232.75
2019-09-10,1222.4
2019-09-11,1239.95
2019-09-12,1239.6
2019-09-13,1228.25
2019-09-14,1208.275
2019-09-15,1208.275
2019-09-16,1218.15
2019-09-17,1214.8
2019-09-18,1216.1
2019-09-19,1209.35
2019-09-20,1269.5
2019-09-21,1266.2
2019-09-22,1266.2
2019-09-23,1280.85
2019-09-24,1298.55
2019-09-25,1295.45
2019-09-26,1298.7
2019-09-27,1314.9
2019-09-28,1309.375
2019-09-29,1309.375
2019-09-30,1336.0
2019-10-01,1342.5
2019-10-02,1297.55
2019-10-03,1314.1
2019-10-04,1328.5
2019-10-05,1308.725
2019-10-06,1308.725
2019-10-07,1320.0
2019-10-08,1310.85
2019-10-09,1330.0
2019-10-10,1368.0
2019-10-11,1366.0
2019-10-12,1358.0
2019-10-13,1358.0
2019-10-14,1363.6
2019-10-15,1370.0
2019-10-16,1379.9
2019-10-17,1399.0
2019-10-18,1428.0
2019-10-19,1421.175
2019-10-20,1421.175
2019-10-21,1421.175
2019-10-22,1437.65
2019-10-23,1425.5
2019-10-24,1441.0
2019-10-25,1440.25
2019-10-26,1435.35
2019-10-27,1445.75
2019-10-28,1438.175
2019-10-29,1480.4
2019-10-30,1484.0
2019-10-31,1489.5
2019-11-01,1462.05
2019-11-02,1461.5
2019-11-03,1461.5
2019-11-04,1471.15
2019-11-05,1469.0
2019-11-06,1446.2
2019-11-07,1462.9
2019-11-08,1459.6
2019-11-09,1442.675
2019-11-10,1442.675
2019-11-11,1444.05
2019-11-12,1429.4
2019-11-13,1475.0
2019-11-14,1481.0
2019-11-15,1486.5
2019-11-16,1470.3249999999998
2019-11-17,1470.3249999999998
2019-11-18,1486.0
2019-11-19,1514.95
2019-11-20,1571.85
2019-11-21,1556.3
2019-11-22,1569.6
2019-11-23,1548.7
2019-11-24,1548.7
2019-11-25,1564.6
2019-11-26,1576.0
2019-11-27,1575.0
2019-11-28,1584.0
2019-11-29,1582.0
2019-11-30,1572.95
2019-12-01,1572.95
2019-12-02,1614.0
2019-12-03,1593.35
2019-12-04,1577.05
2019-12-05,1579.85
2019-12-06,1568.2
2019-12-07,1554.5500000000002
2019-12-08,1554.5500000000002
2019-12-09,1577.3
2019-12-10,1574.8
2019-12-11,1575.15
2019-12-12,1573.6
2019-12-13,1590.0
2019-12-14,1585.875
2019-12-15,1585.875
2019-12-16,1593.0
2019-12-17,1579.5
2019-12-18,1580.0
2019-12-19,1615.0
2019-12-20,1617.8
2019-12-21,1577.2
2019-12-22,1577.2
2019-12-23,1577.0
2019-12-24,1572.15
2019-12-25,1545.95
2019-12-26,1553.3
2019-12-27,1545.8
2019-12-28,1542.575
2019-12-29,1542.575
2019-12-30,1547.0
2019-12-31,1544.7
2020-01-01,1527.4
2020-01-02,1540.8
2020-01-03,1541.3
2020-01-04,1532.125
2020-01-05,1532.125
2020-01-06,1528.0
2020-01-07,1534.0
2020-01-08,1534.45
2020-01-09,1549.8
2020-01-10,1557.75
2020-01-11,1547.35
2020-01-12,1547.35
2020-01-13,1558.5
2020-01-14,1550.5
2020-01-15,1540.45
2020-01-16,1543.0
2020-01-17,1584.8
2020-01-18,1594.35
2020-01-19,1594.35
2020-01-20,1609.5
2020-01-21,1545.95
2020-01-22,1546.7
2020-01-23,1541.55
2020-01-24,1536.45
2020-01-25,1518.375
2020-01-26,1518.375
2020-01-27,1524.35
2020-01-28,1510.45
2020-01-29,1494.45
2020-01-30,1483.95
2020-01-31,1454.25
2020-02-01,1427.0
2020-02-02,1377.65
2020-02-03,1399.0
2020-02-04,1431.85
2020-02-05,1452.3
2020-02-06,1466.45
2020-02-07,1452.8
2020-02-08,1431.875
2020-02-09,1431.875
2020-02-10,1445.6
2020-02-11,1465.65
2020-02-12,1474.0
2020-02-13,1479.7
2020-02-14,1501.0
2020-02-15,1488.325
2020-02-16,1488.325
2020-02-17,1506.0
2020-02-18,1479.0
2020-02-19,1506.5
2020-02-20,1507.95
2020-02-21,1481.25
2020-02-22,1481.25
2020-02-23,1481.25
2020-02-24,1477.0
2020-02-25,1451.4
2020-02-26,1415.0
2020-02-27,1393.95
2020-02-28,1358.8
2020-02-29,1343.525
2020-03-01,1343.525
2020-03-02,1368.75
2020-03-03,1353.35
2020-03-04,1353.0
2020-03-05,1358.35
2020-03-06,1288.35
2020-03-07,1257.525
2020-03-08,1257.525
2020-03-09,1245.0
2020-03-10,1113.15
2020-03-11,1178.4
2020-03-12,1100.7
2020-03-13,1139.9
2020-03-14,1086.275
2020-03-15,1086.275
2020-03-16,1079.65
2020-03-17,1059.0
2020-03-18,1035.1
2020-03-19,967.5
2020-03-20,1033.7
2020-03-21,970.1
2020-03-22,970.1
2020-03-23,952.0
2020-03-24,970.4
2020-03-25,1152.0
2020-03-26,1117.15
2020-03-27,1107.7
2020-03-28,1056.725
2020-03-29,1056.725
2020-03-30,1074.0
2020-03-31,1129.0
2020-04-01,1124.95
2020-04-02,1105.325
2020-04-03,1131.6
2020-04-04,1092.1
2020-04-05,1092.1
2020-04-06,1092.1
2020-04-07,1213.7
2020-04-08,1228.95
2020-04-09,1232.75
2020-04-10,1213.6
2020-04-11,1213.6
2020-04-12,1213.6
2020-04-13,1215.0
2020-04-14,1195.125
2020-04-15,1235.95
2020-04-16,1187.35
2020-04-17,1229.9
2020-04-18,1225.775
2020-04-19,1225.775
2020-04-20,1257.0
2020-04-21,1252.55
2020-04-22,1384.7
2020-04-23,1385.85
2020-04-24,1495.0
2020-04-25,1428.675
2020-04-26,1428.675
2020-04-27,1474.55
2020-04-28,1454.75
2020-04-29,1453.05
2020-04-30,1494.5
2020-05-01,1454.525
2020-05-02,1454.525
2020-05-03,1454.525
2020-05-04,1464.9
2020-05-05,1478.8
2020-05-06,1484.0
2020-05-07,1513.7
2020-05-08,1579.7
2020-05-09,1571.9
2020-05-10,1571.9
2020-05-11,1614.85
2020-05-12,1578.0
2020-05-13,1534.75
2020-05-14,1496.4
2020-05-15,1467.0
2020-05-16,1465.35
2020-05-17,1465.35
2020-05-18,1482.0
2020-05-19,1461.9
2020-05-20,1445.85
2020-05-21,1460.85
2020-05-22,1458.5
2020-05-23,1435.5
2020-05-24,1435.5
2020-05-25,1435.5
2020-05-26,1449.0
2020-05-27,1454.1
2020-05-28,1479.2
2020-05-29,1471.5
2020-05-30,1472.6
2020-05-31,1472.6
2020-06-01,1539.2
2020-06-02,1540.0
2020-06-03,1559.0
2020-06-04,1589.0
2020-06-05,1617.7
2020-06-06,1602.3
2020-06-07,1602.3
2020-06-08,1624.0
2020-06-09,1582.35
2020-06-10,1579.0
2020-06-11,1569.0
2020-06-12,1593.0
2020-06-13,1582.9
2020-06-14,1582.9
2020-06-15,1626.7
2020-06-16,1647.85
2020-06-17,1634.95
2020-06-18,1665.0
2020-06-19,1788.6
2020-06-20,1767.275
2020-06-21,1767.275
2020-06-22,1804.1
2020-06-23,1764.15
2020-06-24,1772.0
2020-06-25,1749.0
2020-06-26,1751.5
2020-06-27,1735.3
2020-06-28,1735.3
2020-06-29,1738.9
2020-06-30,1740.7
2020-07-01,1748.65
2020-07-02,1766.8
2020-07-03,1792.8
2020-07-04,1794.325
2020-07-05,1794.325
2020-07-06,1858.0
2020-07-07,1870.0
2020-07-08,1834.8
2020-07-09,1834.4
2020-07-10,1884.4
2020-07-11,1893.5
2020-07-12,1893.5
2020-07-13,1947.0
2020-07-14,1941.0
2020-07-15,1978.5
2020-07-16,1868.0
2020-07-17,1919.9
2020-07-18,1915.6999999999998
2020-07-19,1915.6999999999998
2020-07-20,1931.25
2020-07-21,1976.8
2020-07-22,2010.0
2020-07-23,2078.9
2020-07-24,2162.8
2020-07-25,2167.85
2020-07-26,2167.85
2020-07-27,2198.7
2020-07-28,2193.4
2020-07-29,2185.2
2020-07-30,2139.0
2020-07-31,2129.85
2020-08-01,2062.975
2020-08-02,2062.975
2020-08-03,2059.0
2020-08-04,2167.0
2020-08-05,2195.0
2020-08-06,2167.55
2020-08-07,2157.0
2020-08-08,2151.6
2020-08-09,2151.6
2020-08-10,2164.95
2020-08-11,2160.0
2020-08-12,2144.9
2020-08-13,2139.0
2020-08-14,2156.5
2020-08-15,2108.625
2020-08-16,2108.625
2020-08-17,2107.3
2020-08-18,2132.9
2020-08-19,2154.0
2020-08-20,2123.9
2020-08-21,2119.8
2020-08-22,2090.275
2020-08-23,2090.275
2020-08-24,2104.65
2020-08-25,2111.3
2020-08-26,2147.15
2020-08-27,2148.5
2020-08-28,2131.9
2020-08-29,2143.8
2020-08-30,2143.8
2020-08-31,2172.0
2020-09-01,2121.75
2020-09-02,2137.0
2020-09-03,2137.0
2020-09-04,2097.0
2020-09-05,2078.8
2020-09-06,2078.8
2020-09-07,2105.0
2020-09-08,2120.0
2020-09-09,2167.2
2020-09-10,2343.9
2020-09-11,2337.0
2020-09-12,2319.3
2020-09-13,2319.3
2020-09-14,2360.0
2020-09-15,2326.5
2020-09-16,2368.8
2020-09-17,2334.4
2020-09-18,2319.6
2020-09-19,2305.25
2020-09-20,2305.25
2020-09-21,2336.55
2020-09-22,2287.0
2020-09-23,2276.5
2020-09-24,2226.0
2020-09-25,2212.6
2020-09-26,2215.35
2020-09-27,2215.35
2020-09-28,2238.7
2020-09-29,2264.0
2020-09-30,2267.55
2020-10-01,2264.0
2020-10-02,2235.525
2020-10-03,2235.525
2020-10-04,2235.525
2020-10-05,2249.0
2020-10-06,2234.0
2020-10-07,2309.4
2020-10-08,2268.0
2020-10-09,2252.65
2020-10-10,2233.6
2020-10-11,2233.6
2020-10-12,2254.85
2020-10-13,2285.95
2020-10-14,2304.2
2020-10-15,2291.7
2020-10-16,2232.0
2020-10-17,2183.75
2020-10-18,2183.75
2020-10-19,2228.4
2020-10-20,2193.7
2020-10-21,2191.0
2020-10-22,2133.05
2020-10-23,2134.8
2020-10-24,2106.775
2020-10-25,2106.775
2020-10-26,2106.0
2020-10-27,2060.0
2020-10-28,2057.9
2020-10-29,2042.3
2020-10-30,2064.65
2020-10-31,2043.925
2020-11-01,2043.925
2020-11-02,2033.5
2020-11-03,1909.5
2020-11-04,1928.85
2020-11-05,1960.0
2020-11-06,2040.0
2020-11-07,2043.85
2020-11-08,2043.85
2020-11-09,2070.0
2020-11-10,2090.0
2020-11-11,2095.35
2020-11-12,2008.35
2020-11-13,2036.65
2020-11-14,2016.25
2020-11-15,2042.9
2020-11-16,2042.9
2020-11-17,2084.0
2020-11-18,2006.65
2020-11-19,2010.0
2020-11-20,1984.1
2020-11-21,1914.1
2020-11-22,1914.1
2020-11-23,1970.0
2020-11-24,1973.6
2020-11-25,1992.0
2020-11-26,1964.85
2020-11-27,1955.85
2020-11-28,1932.55
2020-11-29,1932.55
2020-11-30,1932.55
2020-12-01,1965.9
2020-12-02,1962.95
2020-12-03,1981.1
2020-12-04,1967.85
2020-12-05,1944.275
2020-12-06,1944.275
2020-12-07,1965.0
2020-12-08,2014.2
2020-12-09,2033.8
2020-12-10,2028.4
2020-12-11,2037.8
2020-12-12,2009.3
2020-12-13,2009.3
2020-12-14,2015.25
2020-12-15,1992.9
2020-12-16,1995.0
2020-12-17,2005.0
2020-12-18,2005.0
2020-12-19,2001.125
2020-12-20,2001.125
2020-12-21,2022.0
2020-12-22,1958.4
2020-12-23,1951.2
2020-12-24,1998.65
2020-12-25,1999.0
2020-12-26,1999.0
2020-12-27,1999.0
2020-12-28,2024.9
2020-12-29,2012.8
2020-12-30,2006.85
2020-12-31,2011.0
2021-01-01,1997.3
2021-01-02,1987.85
2021-01-03,1987.85
2021-01-04,1997.9
2021-01-05,1984.0
2021-01-06,1968.0
2021-01-07,1945.2
2021-01-08,1938.2
2021-01-09,1934.025
2021-01-10,1934.025
2021-01-11,1938.9
2021-01-12,1960.0
2021-01-13,1974.95
2021-01-14,1966.5
2021-01-15,1973.15
2021-01-16,1938.8
2021-01-17,1938.8
2021-01-18,1996.6
2021-01-19,2030.9
2021-01-20,2058.05
2021-01-21,2119.8
2021-01-22,2115.9
2021-01-23,2050.825
2021-01-24,2050.825
2021-01-25,2052.0
2021-01-26,1934.95
2021-01-27,1930.2
2021-01-28,1923.35
2021-01-29,1911.75
2021-01-30,1844.1750000000002
2021-01-31,1844.1750000000002
2021-02-01,1904.7
2021-02-02,1938.3
2021-02-03,1951.0
2021-02-04,1939.7
2021-02-05,1944.2
2021-02-06,1927.6
2021-02-07,1927.6
2021-02-08,1968.25
2021-02-09,1990.0
2021-02-10,1983.95
2021-02-11,2062.2
2021-02-12,2077.5
2021-02-13,2045.125
2021-02-14,2045.125
2021-02-15,2060.55
2021-02-16,2079.0
2021-02-17,2095.0
2021-02-18,2107.7
2021-02-19,2104.95
2021-02-20,2080.275
2021-02-21,2080.275
2021-02-22,2089.7
2021-02-23,2053.1
2021-02-24,2081.5
2021-02-25,2152.25
2021-02-26,2133.4
2021-02-27,2099.1499999999996
2021-02-28,2099.1499999999996
2021-03-01,2114.45
2021-03-02,2130.0
2021-03-03,2220.0
2021-03-04,2189.65
2021-03-05,2212.5
2021-03-06,2175.025
2021-03-07,2175.025
2021-03-08,2231.0
2021-03-09,2214.7
2021-03-10,2215.75
2021-03-11,2190.35
2021-03-12,2205.0
2021-03-13,2138.65
2021-03-14,2138.65
2021-03-15,2148.8
2021-03-16,2125.8
2021-03-17,2103.75
2021-03-18,2085.0
2021-03-19,2095.0
2021-03-20,2078.45
2021-03-21,2078.45
2021-03-22,2075.0
2021-03-23,2109.9
2021-03-24,2080.55
2021-03-25,2057.55
2021-03-26,2014.95
2021-03-27,2001.975
2021-03-28,2001.975
2021-03-29,2001.975
2021-03-30,2048.5
2021-03-31,2049.9
2021-04-01,2030.0
2021-04-02,2023.35
2021-04-03,2023.35
2021-04-04,2023.35
2021-04-05,2025.0
2021-04-06,2005.0
2021-04-07,2046.1
2021-04-08,2021.15
2021-04-09,2006.8
2021-04-10,1969.35
2021-04-11,1969.35
2021-04-12,1966.25
2021-04-13,1940.15
2021-04-14,1926.2
2021-04-15,1960.65
2021-04-16,1949.5
2021-04-17,1917.5
2021-04-18,1917.5
2021-04-19,1916.6
2021-04-20,1919.9
2021-04-21,1898.7
2021-04-22,1914.45
2021-04-23,1919.0
2021-04-24,1910.325
2021-04-25,1910.325
2021-04-26,1961.0
2021-04-27,1997.55
2021-04-28,2007.4
2021-04-29,2045.0
2021-04-30,2036.4
2021-05-01,1979.075
2021-05-02,1979.075
2021-05-03,1979.0
2021-05-04,1967.5
2021-05-05,1937.9
2021-05-06,1934.15
2021-05-07,1955.45
2021-05-08,1937.525
2021-05-09,1937.525
2021-05-10,1946.1
2021-05-11,1938.65
2021-05-12,1934.0
2021-05-13,1919.3249999999998
2021-05-14,1941.5
2021-05-15,1937.775
2021-05-16,1937.775
2021-05-17,1963.15
2021-05-18,2002.65
2021-05-19,2016.6
2021-05-20,2010.8
2021-05-21,2009.0
2021-05-22,2004.15
2021-05-23,2004.15
2021-05-24,2009.5
2021-05-25,1997.0
2021-05-26,1984.9
2021-05-27,1992.2
2021-05-28,2105.0
2021-05-29,2097.95
2021-05-30,2097.95
2021-05-31,2191.5
2021-06-01,2201.7
2021-06-02,2209.9
2021-06-03,2250.0
2021-06-04,2219.0
2021-06-05,2198.25
2021-06-06,2198.25
2021-06-07,2241.8
2021-06-08,2227.0
2021-06-09,2221.6
2021-06-10,2229.95
2021-06-11,2227.9
2021-06-12,2213.5
2021-06-13,2213.5
2021-06-14,2258.3
2021-06-15,2274.5
2021-06-16,2248.0
2021-06-17,2235.0
2021-06-18,2234.95
2021-06-19,2214.7
2021-06-20,2214.7
2021-06-21,2247.7
2021-06-22,2260.75
2021-06-23,2250.0
2021-06-24,2215.0
2021-06-25,2159.8
2021-06-26,2114.15
2021-06-27,2114.15
2021-06-28,2127.1
2021-06-29,2109.0
2021-06-30,2123.5
2021-07-01,2122.0
2021-07-02,2133.25
2021-07-03,2133.5
2021-07-04,2133.5
2021-07-05,2153.0
2021-07-06,2150.05
2021-07-07,2127.75
2021-07-08,2115.8
2021-07-09,2091.2
2021-07-10,2077.5
2021-07-11,2077.5
2021-07-12,2101.75
2021-07-13,2103.3
2021-07-14,2106.8
2021-07-15,2096.0
2021-07-16,2114.5
2021-07-17,2107.9
2021-07-18,2107.9
2021-07-19,2124.0
2021-07-20,2108.1
2021-07-21,2102.3999999999996
2021-07-22,2124.1
2021-07-23,2135.0
2021-07-24,2107.6
2021-07-25,2107.6
2021-07-26,2121.6
2021-07-27,2083.5
2021-07-28,2060.15
2021-07-29,2074.4
2021-07-30,2068.15
2021-07-31,2041.3000000000002
2021-08-01,2041.3000000000002
2021-08-02,2079.0
2021-08-03,2091.25
2021-08-04,2114.1
2021-08-05,2154.6
2021-08-06,2146.0
2021-08-07,2082.625
2021-08-08,2082.625
2021-08-09,2089.5
2021-08-10,2112.8
2021-08-11,2119.5
2021-08-12,2126.75
2021-08-13,2149.8
2021-08-14,2145.625
2021-08-15,2145.625
2021-08-16,2202.0
2021-08-17,2185.0
2021-08-18,2186.0
2021-08-19,2159.775
2021-08-20,2171.7
2021-08-21,2157.1
2021-08-22,2157.1
2021-08-23,2171.95
2021-08-24,2191.9
2021-08-25,2219.9
2021-08-26,2244.85
2021-08-27,2242.35
2021-08-28,2233.375
2021-08-29,2233.375
2021-08-30,2275.0
2021-08-31,2283.0
2021-09-01,2292.9
2021-09-02,2307.0
2021-09-03,2394.3
2021-09-04,2401.125
2021-09-05,2401.125
2021-09-06,2479.85
2021-09-07,2458.0
2021-09-08,2455.0
2021-09-09,2438.3
2021-09-10,2426.725
2021-09-11,2426.725
2021-09-12,2426.725
2021-09-13,2430.0
2021-09-14,2394.0
2021-09-15,2395.25
2021-09-16,2436.0
2021-09-17,2455.8
2021-09-18,2382.7
2021-09-19,2382.7
2021-09-20,2418.0
2021-09-21,2416.0
2021-09-22,2441.25
2021-09-23,2496.95
2021-09-24,2504.7
2021-09-25,2483.575
2021-09-26,2483.575
2021-09-27,2529.0
2021-09-28,2565.0
2021-09-29,2563.9
2021-09-30,2534.1
2021-10-01,2539.85
2021-10-02,2536.375
2021-10-03,2536.375
2021-10-04,2574.65
2021-10-05,2612.0
2021-10-06,2623.0
2021-10-07,2600.0
2021-10-08,2683.9
2021-10-09,2697.7749999999996
2021-10-10,2697.7749999999996
2021-10-11,2724.7
2021-10-12,2682.75
2021-10-13,2719.5
2021-10-14,2717.7
2021-10-15,2691.925
2021-10-16,2691.925
2021-10-17,2691.925
2021-10-18,2744.95
2021-10-19,2750.0
2021-10-20,2744.1
2021-10-21,2725.95
2021-10-22,2664.7
2021-10-23,2663.025
2021-10-24,2663.025
2021-10-25,2699.0
2021-10-26,2668.85
2021-10-27,2677.0
2021-10-28,2637.8
2021-10-29,2595.15
2021-10-30,2534.3999999999996
2021-10-31,2534.3999999999996
2021-11-01,2555.0
2021-11-02,2551.9
2021-11-03,2520.45
2021-11-04,2505.0
2021-11-05,2504.45
2021-11-06,2504.45
2021-11-07,2504.45
2021-11-08,2522.0
2021-11-09,2528.95
2021-11-10,2558.0
2021-11-11,2571.0
2021-11-12,2598.8
2021-11-13,2596.25
2021-11-14,2596.25
2021-11-15,2602.1
2021-11-16,2576.0
2021-11-17,2500.0
2021-11-18,2489.0
2021-11-19,2456.375
2021-11-20,2456.375
2021-11-21,2456.375
2021-11-22,2446.25
2021-11-23,2401.5
2021-11-24,2410.85
2021-11-25,2502.8
2021-11-26,2477.45
2021-11-27,2412.075
2021-11-28,2412.075
2021-11-29,2500.0
2021-11-30,2475.9
2021-12-01,2474.6
2021-12-02,2496.0
2021-12-03,2494.95
2021-12-04,2414.575
2021-12-05,2414.575
2021-12-06,2424.55
2021-12-07,2403.75
2021-12-08,2431.45
2021-12-09,2474.9
2021-12-10,2466.1
2021-12-11,2464.475
2021-12-12,2464.475
2021-12-13,2474.5
2021-12-14,2406.0
2021-12-15,2404.5
2021-12-16,2414.5
2021-12-17,2408.75
2021-12-18,2328.075
2021-12-19,2328.075
2021-12-20,2320.9
2021-12-21,2345.0
2021-12-22,2372.0
2021-12-23,2380.0
2021-12-24,2391.9
2021-12-25,2367.575
2021-12-26,2367.575
2021-12-27,2377.75
2021-12-28,2405.0
2021-12-29,2418.4
2021-12-30,2405.25
2021-12-31,2384.3
2022-01-01,2367.825
2022-01-02,2367.825
2022-01-03,2408.95
2022-01-04,2461.95
2022-01-05,2476.3
2022-01-06,2454.0
2022-01-07,2457.65
2022-01-08,2444.95
2022-01-09,2444.95
2022-01-10,2456.45
2022-01-11,2474.1
2022-01-12,2524.35
2022-01-13,2540.95
2022-01-14,2566.5
2022-01-15,2539.1499999999996
2022-01-16,2539.1499999999996
2022-01-17,2565.0
2022-01-18,2562.8
2022-01-19,2541.65
2022-01-20,2511.25
2022-01-21,2501.95
2022-01-22,2478.1
2022-01-23,2478.1
2022-01-24,2504.1
2022-01-25,2388.6
2022-01-26,2359.35
2022-01-27,2355.55
2022-01-28,2372.4
2022-01-29,2345.2
2022-01-30,2345.2
2022-01-31,2406.35
2022-02-01,2420.55
2022-02-02,2410.4
2022-02-03,2401.55
2022-02-04,2349.55
2022-02-05,2334.9
2022-02-06,2334.9
2022-02-07,2356.8
2022-02-08,2359.95
2022-02-09,2386.6
2022-02-10,2397.4
2022-02-11,2384.0
2022-02-12,2338.425
2022-02-13,2338.425
2022-02-14,2354.0
2022-02-15,2424.0
2022-02-16,2432.05
2022-02-17,2454.4
2022-02-18,2456.0
2022-02-19,2419.525
2022-02-20,2419.525
2022-02-21,2436.8
2022-02-22,2395.7
2022-02-23,2406.05
2022-02-24,2339.85
2022-02-25,2307.0
2022-02-26,2265.5
2022-02-27,2265.5
2022-02-28,2367.0
2022-03-01,2354.1
2022-03-02,2400.45
2022-03-03,2414.45
2022-03-04,2364.7
2022-03-05,2310.675
2022-03-06,2310.675
2022-03-07,2311.85
2022-03-08,2245.8
2022-03-09,2366.7
2022-03-10,2415.0
2022-03-11,2410.4
2022-03-12,2396.25
2022-03-13,2396.25
2022-03-14,2424.35
2022-03-15,2431.8
2022-03-16,2407.05
2022-03-17,2496.9
2022-03-18,2465.825
2022-03-19,2465.825
2022-03-20,2465.825
2022-03-21,2483.7
2022-03-22,2535.0
2022-03-23,2565.0
2022-03-24,2583.5
2022-03-25,2615.0
2022-03-26,2603.85
2022-03-27,2603.85
2022-03-28,2629.15
2022-03-29,2637.0
2022-03-30,2688.0
2022-03-31,2673.0
2022-04-01,2664.8
2022-04-02,2655.725
2022-04-03,2655.725
2022-04-04,2675.0
2022-04-05,2668.85
2022-04-06,2634.05
2022-04-07,2603.25
2022-04-08,2625.0
2022-04-09,2607.875
2022-04-10,2607.875
2022-04-11,2638.0
2022-04-12,2602.4
2022-04-13,2592.9
2022-04-14,2541.35
2022-04-15,2541.35
2022-04-16,2541.35
2022-04-17,2541.35
2022-04-18,2559.05
2022-04-19,2667.0
2022-04-20,2733.65
2022-04-21,2788.8
2022-04-22,2800.65
2022-04-23,2748.95
2022-04-24,2748.95
2022-04-25,2758.35
2022-04-26,2795.65
2022-04-27,2827.1
2022-04-28,2850.0
2022-04-29,2855.0
2022-04-30,2773.15
2022-05-01,2773.15
2022-05-02,2805.0
2022-05-03,2782.775
2022-05-04,2785.15
2022-05-05,2729.65
2022-05-06,2659.55
2022-05-07,2598.075
2022-05-08,2598.075
2022-05-09,2597.2
2022-05-10,2525.25
2022-05-11,2485.05
2022-05-12,2440.0
2022-05-13,2478.0
2022-05-14,2430.025
2022-05-15,2430.025
2022-05-16,2480.75
2022-05-17,2540.4
2022-05-18,2570.0
2022-05-19,2511.0
2022-05-20,2643.0
2022-05-21,2626.075
2022-05-22,2626.075
2022-05-23,2653.75
2022-05-24,2637.8
2022-05-25,2655.8
2022-05-26,2633.9
2022-05-27,2605.55
2022-05-28,2597.5
2022-05-29,2597.5
2022-05-30,2673.0
2022-05-31,2678.75
2022-06-01,2654.95
2022-06-02,2732.0
2022-06-03,2816.35
2022-06-04,2780.05
2022-06-05,2780.05
2022-06-06,2813.75
2022-06-07,2791.0
2022-06-08,2782.1
2022-06-09,2802.0
2022-06-10,2790.05
2022-06-11,2683.9
2022-06-12,2683.9
2022-06-13,2673.3
2022-06-14,2670.15
2022-06-15,2637.4
2022-06-16,2658.6
2022-06-17,2624.45
2022-06-18,2598.15
2022-06-19,2598.15
2022-06-20,2618.1
2022-06-21,2592.7
2022-06-22,2563.0
2022-06-23,2524.9
2022-06-24,2510.95
2022-06-25,2524.875
2022-06-26,2524.875
2022-06-27,2549.0
2022-06-28,2535.0
2022-06-29,2596.85
2022-06-30,2615.8
2022-07-01,2591.65
2022-07-02,2398.875
2022-07-03,2398.875
2022-07-04,2441.85
2022-07-05,2464.65
2022-07-06,2441.15
2022-07-07,2433.9
2022-07-08,2415.85
2022-07-09,2385.75
2022-07-10,2385.75
2022-07-11,2428.0
2022-07-12,2439.0
2022-07-13,2433.95
2022-07-14,2434.5
2022-07-15,2420.0
2022-07-16,2410.8
2022-07-17,2410.8
2022-07-18,2425.0
2022-07-19,2447.0
2022-07-20,2545.05
2022-07-21,2498.65
2022-07-22,2516.8
2022-07-23,2485.95
2022-07-24,2485.95
2022-07-25,2469.0
2022-07-26,2444.05
2022-07-27,2427.0
2022-07-28,2467.0
2022-07-29,2517.0
2022-07-30,2510.875
2022-07-31,2510.875
2022-08-01,2587.0
2022-08-02,2606.5
2022-08-03,2610.0
2022-08-04,2617.65
2022-08-05,2578.0
2022-08-06,2534.475
2022-08-07,2534.475
2022-08-08,2583.5
2022-08-09,2569.4
2022-08-10,2589.95
2022-08-11,2615.0
2022-08-12,2641.0
2022-08-13,2641.2250000000004
2022-08-14,2641.2250000000004
2022-08-15,2641.2250000000004
2022-08-16,2656.6
2022-08-17,2677.6
2022-08-18,2668.5
2022-08-19,2661.0
2022-08-20,2614.8
2022-08-21,2614.8
2022-08-22,2630.55
2022-08-23,2652.0
2022-08-24,2668.5
2022-08-25,2662.3
2022-08-26,2647.9
2022-08-27,2594.375
2022-08-28,2594.375
2022-08-29,2653.3
2022-08-30,2645.95
2022-08-31,2614.1
2022-09-01,2605.95
2022-09-02,2574.0
2022-09-03,2529.9
2022-09-04,2529.9
2022-09-05,2581.0
2022-09-06,2605.5
2022-09-07,2594.5
2022-09-08,2597.0
2022-09-09,2606.85
2022-09-10,2571.1499999999996
2022-09-11,2571.1499999999996
2022-09-12,2611.4
2022-09-13,2628.55
2022-09-14,2609.5
2022-09-15,2602.3
2022-09-16,2553.6
2022-09-17,2499.25
2022-09-18,2499.25
2022-09-19,2521.9
2022-09-20,2537.2
2022-09-21,2534.0
2022-09-22,2502.65
2022-09-23,2495.05
2022-09-24,2421.675
2022-09-25,2421.675
2022-09-26,2417.65
2022-09-27,2425.75
2022-09-28,2378.4
2022-09-29,2367.75
2022-09-30,2401.15
2022-10-01,2387.35
2022-10-02,2387.35
2022-10-03,2416.95
2022-10-04,2417.9
2022-10-05,2424.525
2022-10-06,2450.0
2022-10-07,2443.9
2022-10-08,2421.15
2022-10-09,2421.15
2022-10-10,2417.7
2022-10-11,2412.0
2022-10-12,2380.8
2022-10-13,2394.2
2022-10-14,2416.05
2022-10-15,2362.85
2022-10-16,2362.85
2022-10-17,2413.75
2022-10-18,2463.0
2022-10-19,2527.0
2022-10-20,2519.0
2022-10-21,2516.5
2022-10-22,2468.225
2022-10-23,2468.225
2022-10-24,2501.0
2022-10-25,2498.15
2022-10-26,2448.925
2022-10-27,2468.0
2022-10-28,2534.0
2022-10-29,2530.5
2022-10-30,2530.5
2022-10-31,2560.5
